,ID Transit,Datum,Měna,Region,Poskytovatel dopravy,Doprava,Pohonné hmoty,Typ skladu,Nákladové druhy,Zaměstnanec,Měna ID,ID Region,ID PD,ID Doprava,ID PHM,ID Sklad,ID ND,ID Zam
0,1000,2022-09-13,CZK,Jihočeský kraj,Geis,nákladní vozidlo,natural95,tranzitní,Mzdové a ostatní osobní náklady,Josef Vošouch,IDM1,R02,PD04,D03,H01,S01,ND02,Z0004
1,1001,2022-02-22,EUR,Karlovarský kraj,Toptrans,vlak,diesel,tranzitní,Finanční náklady,Daniel Podach,IDM2,R04,PD01,D01,H02,S01,ND04,Z0002
2,1002,2022-09-28,CZK,Zlínský kraj,GLS,nákladní vozidlo,natural95,centrální,"Spotřeba materiálu, energie a externích služeb",Jiří Zeman,IDM1,R14,PD02,D03,H01,S03,ND01,Z0003
3,1003,2022-01-21,EUR,Karlovarský kraj,Geis,kamion,diesel,centrální,Finanční náklady,Jiří Zeman,IDM2,R04,PD04,D02,H02,S03,ND04,Z0003
4,1004,2022-02-16,CZK,Karlovarský kraj,Spedquick Třebíč,nákladní vozidlo,diesel,tranzitní,"Spotřeba materiálu, energie a externích služeb",Daniel Podach,IDM1,R04,PD03,D03,H02,S01,ND01,Z0002
5,1005,2022-03-05,CZK,Plzeňský kraj,Spedquick Třebíč,nákladní vozidlo,diesel,regionální,"Spotřeba materiálu, energie a externích služeb",Karel Barel,IDM1,R10,PD03,D03,H02,S02,ND01,Z0005
6,1006,2022-01-09,EUR,Hlavní město Praha,Toptrans,nákladní vozidlo,diesel,centrální,Finanční náklady,Jan Novák,IDM2,R01,PD01,D03,H02,S03,ND04,Z0001
7,1007,2022-05-19,CZK,Pardubický kraj,Toptrans,vlak,natural95,tranzitní,"Spotřeba materiálu, energie a externích služeb",Jiří Zeman,IDM1,R09,PD01,D01,H01,S01,ND01,Z0003
8,1008,2022-06-09,EUR,Plzeňský kraj,Spedquick Třebíč,nákladní vozidlo,natural95,centrální,Finanční náklady,Karel Barel,IDM2,R10,PD03,D03,H01,S03,ND04,Z0005
9,1009,2022-07-04,EUR,Karlovarský kraj,Toptrans,kamion,natural95,tranzitní,Odpisy hmotného i nehmotného dlouhodobého majetku,Jiří Zeman,IDM2,R04,PD01,D02,H01,S01,ND03,Z0003
10,1010,2022-05-17,CZK,Liberecký kraj,Spedquick Třebíč,nákladní vozidlo,diesel,centrální,"Spotřeba materiálu, energie a externích služeb",Josef Vošouch,IDM1,R06,PD03,D03,H02,S03,ND01,Z0004
11,1011,2022-09-18,EUR,Středočeský kraj,Pap Trutnov,nákladní vozidlo,natural95,regionální,Mzdové a ostatní osobní náklady,Jan Novák,IDM2,R11,PD05,D03,H01,S02,ND02,Z0001
12,1012,2022-06-28,CZK,Královehradecký kraj,Geis,vlak,diesel,regionální,Finanční náklady,Josef Vošouch,IDM1,R05,PD04,D01,H02,S02,ND04,Z0004
13,1013,2022-10-15,CZK,Moravskoslezský kraj,Geis,vlak,diesel,centrální,Odpisy hmotného i nehmotného dlouhodobého majetku,Jiří Zeman,IDM1,R07,PD04,D01,H02,S03,ND03,Z0003
14,1014,2022-04-20,CZK,Karlovarský kraj,Spedquick Třebíč,vlak,diesel,tranzitní,Mzdové a ostatní osobní náklady,Jiří Zeman,IDM1,R04,PD03,D01,H02,S01,ND02,Z0003
15,1015,2022-10-31,CZK,Ústecký krajVysočina,Geis,kamion,natural95,centrální,Finanční náklady,Jiří Zeman,IDM1,R13,PD04,D02,H01,S03,ND04,Z0003
16,1016,2022-01-30,CZK,Zlínský kraj,Toptrans,kamion,natural95,regionální,Mzdové a ostatní osobní náklady,Jiří Zeman,IDM1,R14,PD01,D02,H01,S02,ND02,Z0003
17,1017,2022-07-27,EUR,Karlovarský kraj,Toptrans,kamion,diesel,tranzitní,"Spotřeba materiálu, energie a externích služeb",Karel Barel,IDM2,R04,PD01,D02,H02,S01,ND01,Z0005
18,1018,2022-01-24,CZK,Královehradecký kraj,Toptrans,nákladní vozidlo,diesel,centrální,Finanční náklady,Karel Barel,IDM1,R05,PD01,D03,H02,S03,ND04,Z0005
19,1019,2022-09-05,EUR,Olomoucký kraj,Pap Trutnov,kamion,natural95,tranzitní,"Spotřeba materiálu, energie a externích služeb",Jiří Zeman,IDM2,R08,PD05,D02,H01,S01,ND01,Z0003
20,1020,2022-02-08,CZK,Královehradecký kraj,GLS,kamion,diesel,tranzitní,Odpisy hmotného i nehmotného dlouhodobého majetku,Karel Barel,IDM1,R05,PD02,D02,H02,S01,ND03,Z0005
21,1021,2022-03-17,CZK,Moravskoslezský kraj,Spedquick Třebíč,vlak,diesel,tranzitní,Mzdové a ostatní osobní náklady,Josef Vošouch,IDM1,R07,PD03,D01,H02,S01,ND02,Z0004
22,1022,2022-03-27,CZK,Středočeský kraj,Geis,nákladní vozidlo,diesel,centrální,"Spotřeba materiálu, energie a externích služeb",Jiří Zeman,IDM1,R11,PD04,D03,H02,S03,ND01,Z0003
23,1023,2022-09-01,CZK,Královehradecký kraj,Geis,nákladní vozidlo,natural95,centrální,"Spotřeba materiálu, energie a externích služeb",Daniel Podach,IDM1,R05,PD04,D03,H01,S03,ND01,Z0002
24,1024,2022-03-17,EUR,Královehradecký kraj,GLS,kamion,natural95,centrální,Finanční náklady,Karel Barel,IDM2,R05,PD02,D02,H01,S03,ND04,Z0005
25,1025,2022-06-14,CZK,Moravskoslezský kraj,Spedquick Třebíč,kamion,natural95,tranzitní,"Spotřeba materiálu, energie a externích služeb",Karel Barel,IDM1,R07,PD03,D02,H01,S01,ND01,Z0005
26,1026,2022-11-18,EUR,Ústecký krajVysočina,Toptrans,nákladní vozidlo,diesel,centrální,Finanční náklady,Karel Barel,IDM2,R13,PD01,D03,H02,S03,ND04,Z0005
27,1027,2022-12-02,CZK,Královehradecký kraj,Geis,nákladní vozidlo,natural95,tranzitní,"Spotřeba materiálu, energie a externích služeb",Josef Vošouch,IDM1,R05,PD04,D03,H01,S01,ND01,Z0004
28,1028,2022-11-10,CZK,Ústecký krajVysočina,Spedquick Třebíč,kamion,natural95,tranzitní,Finanční náklady,Daniel Podach,IDM1,R13,PD03,D02,H01,S01,ND04,Z0002
29,1029,2022-06-07,CZK,Pardubický kraj,Pap Trutnov,kamion,diesel,regionální,Finanční náklady,Jiří Zeman,IDM1,R09,PD05,D02,H02,S02,ND04,Z0003
30,1030,2022-10-06,CZK,Královehradecký kraj,Geis,kamion,natural95,tranzitní,"Spotřeba materiálu, energie a externích služeb",Karel Barel,IDM1,R05,PD04,D02,H01,S01,ND01,Z0005
31,1031,2022-10-21,CZK,Královehradecký kraj,GLS,kamion,natural95,tranzitní,Odpisy hmotného i nehmotného dlouhodobého majetku,Jan Novák,IDM1,R05,PD02,D02,H01,S01,ND03,Z0001
32,1032,2022-09-28,CZK,Zlínský kraj,GLS,vlak,natural95,regionální,Odpisy hmotného i nehmotného dlouhodobého majetku,Jiří Zeman,IDM1,R14,PD02,D01,H01,S02,ND03,Z0003
33,1033,2022-07-09,EUR,Pardubický kraj,Pap Trutnov,nákladní vozidlo,diesel,regionální,Odpisy hmotného i nehmotného dlouhodobého majetku,Jan Novák,IDM2,R09,PD05,D03,H02,S02,ND03,Z0001
34,1034,2022-11-08,CZK,Moravskoslezský kraj,Toptrans,nákladní vozidlo,diesel,tranzitní,"Spotřeba materiálu, energie a externích služeb",Josef Vošouch,IDM1,R07,PD01,D03,H02,S01,ND01,Z0004
35,1035,2022-01-06,CZK,Hlavní město Praha,Spedquick Třebíč,vlak,natural95,tranzitní,Odpisy hmotného i nehmotného dlouhodobého majetku,Jan Novák,IDM1,R01,PD03,D01,H01,S01,ND03,Z0001
36,1036,2022-04-15,CZK,Pardubický kraj,Geis,kamion,natural95,tranzitní,Finanční náklady,Karel Barel,IDM1,R09,PD04,D02,H01,S01,ND04,Z0005
37,1037,2021-12-05,CZK,Jihomoravský kraj,Pap Trutnov,nákladní vozidlo,diesel,tranzitní,Mzdové a ostatní osobní náklady,Karel Barel,IDM1,R03,PD05,D03,H02,S01,ND02,Z0005
38,1038,2022-06-28,CZK,Jihomoravský kraj,Spedquick Třebíč,nákladní vozidlo,diesel,centrální,"Spotřeba materiálu, energie a externích služeb",Josef Vošouch,IDM1,R03,PD03,D03,H02,S03,ND01,Z0004
39,1039,2022-09-29,EUR,Jihočeský kraj,GLS,kamion,natural95,regionální,"Spotřeba materiálu, energie a externích služeb",Daniel Podach,IDM2,R02,PD02,D02,H01,S02,ND01,Z0002
40,1040,2022-11-20,EUR,Ústecký krajVysočina,Pap Trutnov,nákladní vozidlo,diesel,centrální,Finanční náklady,Karel Barel,IDM2,R13,PD05,D03,H02,S03,ND04,Z0005
41,1041,2022-05-05,EUR,Karlovarský kraj,Spedquick Třebíč,kamion,diesel,tranzitní,"Spotřeba materiálu, energie a externích služeb",Daniel Podach,IDM2,R04,PD03,D02,H02,S01,ND01,Z0002
42,1042,2022-04-10,CZK,Ústecký krajVysočina,Pap Trutnov,nákladní vozidlo,natural95,regionální,Mzdové a ostatní osobní náklady,Daniel Podach,IDM1,R13,PD05,D03,H01,S02,ND02,Z0002
43,1043,2022-11-29,CZK,Olomoucký kraj,GLS,vlak,diesel,regionální,Finanční náklady,Jan Novák,IDM1,R08,PD02,D01,H02,S02,ND04,Z0001
44,1044,2022-08-13,CZK,Olomoucký kraj,Spedquick Třebíč,vlak,diesel,centrální,"Spotřeba materiálu, energie a externích služeb",Jan Novák,IDM1,R08,PD03,D01,H02,S03,ND01,Z0001
45,1045,2022-09-30,CZK,Plzeňský kraj,Spedquick Třebíč,nákladní vozidlo,diesel,tranzitní,Odpisy hmotného i nehmotného dlouhodobého majetku,Jan Novák,IDM1,R10,PD03,D03,H02,S01,ND03,Z0001
46,1046,2022-09-21,EUR,Hlavní město Praha,Pap Trutnov,kamion,natural95,centrální,Odpisy hmotného i nehmotného dlouhodobého majetku,Jan Novák,IDM2,R01,PD05,D02,H01,S03,ND03,Z0001
47,1047,2022-11-02,CZK,Středočeský kraj,Toptrans,vlak,diesel,centrální,Odpisy hmotného i nehmotného dlouhodobého majetku,Karel Barel,IDM1,R11,PD01,D01,H02,S03,ND03,Z0005
48,1048,2022-09-20,CZK,Liberecký kraj,GLS,kamion,diesel,centrální,"Spotřeba materiálu, energie a externích služeb",Daniel Podach,IDM1,R06,PD02,D02,H02,S03,ND01,Z0002
49,1049,2022-09-29,EUR,Moravskoslezský kraj,Spedquick Třebíč,vlak,diesel,centrální,"Spotřeba materiálu, energie a externích služeb",Karel Barel,IDM2,R07,PD03,D01,H02,S03,ND01,Z0005
50,1050,2021-12-14,CZK,Liberecký kraj,Geis,nákladní vozidlo,diesel,regionální,Mzdové a ostatní osobní náklady,Jiří Zeman,IDM1,R06,PD04,D03,H02,S02,ND02,Z0003
51,1051,2022-04-20,CZK,Pardubický kraj,Pap Trutnov,vlak,diesel,centrální,Odpisy hmotného i nehmotného dlouhodobého majetku,Karel Barel,IDM1,R09,PD05,D01,H02,S03,ND03,Z0005
52,1052,2022-05-15,EUR,Jihomoravský kraj,Toptrans,nákladní vozidlo,diesel,regionální,Mzdové a ostatní osobní náklady,Karel Barel,IDM2,R03,PD01,D03,H02,S02,ND02,Z0005
53,1053,2022-10-02,EUR,Olomoucký kraj,GLS,vlak,natural95,tranzitní,Odpisy hmotného i nehmotného dlouhodobého majetku,Karel Barel,IDM2,R08,PD02,D01,H01,S01,ND03,Z0005
54,1054,2022-01-11,CZK,Olomoucký kraj,Geis,vlak,diesel,regionální,Finanční náklady,Jiří Zeman,IDM1,R08,PD04,D01,H02,S02,ND04,Z0003
55,1055,2022-10-24,EUR,Zlínský kraj,Geis,vlak,diesel,tranzitní,Odpisy hmotného i nehmotného dlouhodobého majetku,Josef Vošouch,IDM2,R14,PD04,D01,H02,S01,ND03,Z0004
56,1056,2022-10-15,CZK,Liberecký kraj,Toptrans,nákladní vozidlo,diesel,regionální,Finanční náklady,Josef Vošouch,IDM1,R06,PD01,D03,H02,S02,ND04,Z0004
57,1057,2022-07-31,CZK,Liberecký kraj,Spedquick Třebíč,kamion,diesel,tranzitní,Finanční náklady,Karel Barel,IDM1,R06,PD03,D02,H02,S01,ND04,Z0005
58,1058,2022-03-17,CZK,Olomoucký kraj,Geis,vlak,natural95,regionální,Odpisy hmotného i nehmotného dlouhodobého majetku,Daniel Podach,IDM1,R08,PD04,D01,H01,S02,ND03,Z0002
59,1059,2022-09-04,EUR,Středočeský kraj,Spedquick Třebíč,vlak,natural95,regionální,Mzdové a ostatní osobní náklady,Jan Novák,IDM2,R11,PD03,D01,H01,S02,ND02,Z0001
60,1060,2022-04-17,CZK,Zlínský kraj,Geis,vlak,diesel,centrální,Odpisy hmotného i nehmotného dlouhodobého majetku,Daniel Podach,IDM1,R14,PD04,D01,H02,S03,ND03,Z0002
61,1061,2022-01-22,EUR,Moravskoslezský kraj,Toptrans,kamion,diesel,tranzitní,Odpisy hmotného i nehmotného dlouhodobého majetku,Karel Barel,IDM2,R07,PD01,D02,H02,S01,ND03,Z0005
62,1062,2021-12-17,CZK,Plzeňský kraj,Spedquick Třebíč,kamion,diesel,tranzitní,"Spotřeba materiálu, energie a externích služeb",Jan Novák,IDM1,R10,PD03,D02,H02,S01,ND01,Z0001
63,1063,2022-01-15,EUR,Liberecký kraj,Spedquick Třebíč,vlak,natural95,regionální,Odpisy hmotného i nehmotného dlouhodobého majetku,Josef Vošouch,IDM2,R06,PD03,D01,H01,S02,ND03,Z0004
64,1064,2022-06-11,CZK,Hlavní město Praha,Toptrans,nákladní vozidlo,diesel,tranzitní,Odpisy hmotného i nehmotného dlouhodobého majetku,Josef Vošouch,IDM1,R01,PD01,D03,H02,S01,ND03,Z0004
65,1065,2021-12-31,EUR,Královehradecký kraj,Spedquick Třebíč,kamion,diesel,tranzitní,Odpisy hmotného i nehmotného dlouhodobého majetku,Jan Novák,IDM2,R05,PD03,D02,H02,S01,ND03,Z0001
66,1066,2022-07-03,EUR,Ústecký krajVysočina,GLS,nákladní vozidlo,diesel,regionální,Mzdové a ostatní osobní náklady,Karel Barel,IDM2,R13,PD02,D03,H02,S02,ND02,Z0005
67,1067,2022-06-08,CZK,Středočeský kraj,Spedquick Třebíč,kamion,diesel,centrální,Odpisy hmotného i nehmotného dlouhodobého majetku,Daniel Podach,IDM1,R11,PD03,D02,H02,S03,ND03,Z0002
68,1068,2022-06-21,EUR,Jihomoravský kraj,Geis,kamion,diesel,regionální,Mzdové a ostatní osobní náklady,Jan Novák,IDM2,R03,PD04,D02,H02,S02,ND02,Z0001
69,1069,2022-10-22,CZK,Liberecký kraj,Pap Trutnov,kamion,natural95,centrální,Odpisy hmotného i nehmotného dlouhodobého majetku,Daniel Podach,IDM1,R06,PD05,D02,H01,S03,ND03,Z0002
70,1070,2022-04-22,CZK,Moravskoslezský kraj,Spedquick Třebíč,kamion,natural95,centrální,Odpisy hmotného i nehmotného dlouhodobého majetku,Daniel Podach,IDM1,R07,PD03,D02,H01,S03,ND03,Z0002
71,1071,2021-12-27,CZK,Karlovarský kraj,Geis,kamion,natural95,tranzitní,Odpisy hmotného i nehmotného dlouhodobého majetku,Daniel Podach,IDM1,R04,PD04,D02,H01,S01,ND03,Z0002
72,1072,2022-01-15,EUR,Plzeňský kraj,Toptrans,vlak,natural95,regionální,"Spotřeba materiálu, energie a externích služeb",Jiří Zeman,IDM2,R10,PD01,D01,H01,S02,ND01,Z0003
73,1073,2022-07-29,CZK,Středočeský kraj,Toptrans,nákladní vozidlo,diesel,regionální,"Spotřeba materiálu, energie a externích služeb",Karel Barel,IDM1,R11,PD01,D03,H02,S02,ND01,Z0005
74,1074,2022-08-24,CZK,Jihomoravský kraj,Toptrans,nákladní vozidlo,natural95,regionální,"Spotřeba materiálu, energie a externích služeb",Jan Novák,IDM1,R03,PD01,D03,H01,S02,ND01,Z0001
75,1075,2022-01-23,EUR,Liberecký kraj,Spedquick Třebíč,vlak,natural95,centrální,Odpisy hmotného i nehmotného dlouhodobého majetku,Daniel Podach,IDM2,R06,PD03,D01,H01,S03,ND03,Z0002
76,1076,2022-09-27,EUR,Karlovarský kraj,Toptrans,nákladní vozidlo,natural95,regionální,Odpisy hmotného i nehmotného dlouhodobého majetku,Jan Novák,IDM2,R04,PD01,D03,H01,S02,ND03,Z0001
77,1077,2021-12-25,CZK,Hlavní město Praha,GLS,nákladní vozidlo,diesel,tranzitní,Odpisy hmotného i nehmotného dlouhodobého majetku,Josef Vošouch,IDM1,R01,PD02,D03,H02,S01,ND03,Z0004
78,1078,2022-05-11,CZK,Plzeňský kraj,Toptrans,nákladní vozidlo,natural95,regionální,Finanční náklady,Josef Vošouch,IDM1,R10,PD01,D03,H01,S02,ND04,Z0004
79,1079,2022-03-22,CZK,Hlavní město Praha,Toptrans,vlak,diesel,tranzitní,Finanční náklady,Josef Vošouch,IDM1,R01,PD01,D01,H02,S01,ND04,Z0004
80,1080,2022-07-31,CZK,Moravskoslezský kraj,Spedquick Třebíč,kamion,natural95,regionální,Finanční náklady,Karel Barel,IDM1,R07,PD03,D02,H01,S02,ND04,Z0005
81,1081,2022-05-03,CZK,Karlovarský kraj,Geis,vlak,natural95,regionální,Odpisy hmotného i nehmotného dlouhodobého majetku,Josef Vošouch,IDM1,R04,PD04,D01,H01,S02,ND03,Z0004
82,1082,2022-04-20,EUR,Moravskoslezský kraj,Geis,vlak,natural95,tranzitní,"Spotřeba materiálu, energie a externích služeb",Daniel Podach,IDM2,R07,PD04,D01,H01,S01,ND01,Z0002
83,1083,2022-01-14,EUR,Moravskoslezský kraj,Spedquick Třebíč,nákladní vozidlo,diesel,tranzitní,Finanční náklady,Jan Novák,IDM2,R07,PD03,D03,H02,S01,ND04,Z0001
84,1084,2022-11-30,CZK,Královehradecký kraj,Pap Trutnov,kamion,diesel,centrální,Odpisy hmotného i nehmotného dlouhodobého majetku,Karel Barel,IDM1,R05,PD05,D02,H02,S03,ND03,Z0005
85,1085,2022-09-21,CZK,Liberecký kraj,Spedquick Třebíč,nákladní vozidlo,diesel,tranzitní,"Spotřeba materiálu, energie a externích služeb",Daniel Podach,IDM1,R06,PD03,D03,H02,S01,ND01,Z0002
86,1086,2022-04-07,CZK,Jihomoravský kraj,Pap Trutnov,kamion,natural95,tranzitní,"Spotřeba materiálu, energie a externích služeb",Jiří Zeman,IDM1,R03,PD05,D02,H01,S01,ND01,Z0003
87,1087,2022-06-27,CZK,Moravskoslezský kraj,GLS,kamion,diesel,tranzitní,Mzdové a ostatní osobní náklady,Jan Novák,IDM1,R07,PD02,D02,H02,S01,ND02,Z0001
88,1088,2022-02-11,EUR,Středočeský kraj,Spedquick Třebíč,kamion,diesel,tranzitní,Finanční náklady,Daniel Podach,IDM2,R11,PD03,D02,H02,S01,ND04,Z0002
89,1089,2022-02-17,CZK,Jihomoravský kraj,Geis,kamion,diesel,regionální,Odpisy hmotného i nehmotného dlouhodobého majetku,Karel Barel,IDM1,R03,PD04,D02,H02,S02,ND03,Z0005
90,1090,2022-08-10,CZK,Jihomoravský kraj,GLS,vlak,natural95,regionální,Mzdové a ostatní osobní náklady,Daniel Podach,IDM1,R03,PD02,D01,H01,S02,ND02,Z0002
91,1091,2022-10-23,CZK,Liberecký kraj,Toptrans,nákladní vozidlo,diesel,regionální,Mzdové a ostatní osobní náklady,Daniel Podach,IDM1,R06,PD01,D03,H02,S02,ND02,Z0002
92,1092,2022-11-13,EUR,Jihočeský kraj,Geis,kamion,diesel,centrální,Mzdové a ostatní osobní náklady,Jiří Zeman,IDM2,R02,PD04,D02,H02,S03,ND02,Z0003
93,1093,2022-03-13,CZK,Olomoucký kraj,GLS,vlak,natural95,centrální,Odpisy hmotného i nehmotného dlouhodobého majetku,Karel Barel,IDM1,R08,PD02,D01,H01,S03,ND03,Z0005
94,1094,2022-08-11,EUR,Jihomoravský kraj,GLS,kamion,natural95,tranzitní,Mzdové a ostatní osobní náklady,Jiří Zeman,IDM2,R03,PD02,D02,H01,S01,ND02,Z0003
95,1095,2022-07-07,CZK,Olomoucký kraj,Pap Trutnov,kamion,natural95,regionální,Mzdové a ostatní osobní náklady,Josef Vošouch,IDM1,R08,PD05,D02,H01,S02,ND02,Z0004
96,1096,2022-05-20,CZK,Olomoucký kraj,Toptrans,vlak,natural95,centrální,"Spotřeba materiálu, energie a externích služeb",Daniel Podach,IDM1,R08,PD01,D01,H01,S03,ND01,Z0002
97,1097,2022-02-05,EUR,Jihočeský kraj,Toptrans,vlak,diesel,regionální,Odpisy hmotného i nehmotného dlouhodobého majetku,Jan Novák,IDM2,R02,PD01,D01,H02,S02,ND03,Z0001
98,1098,2022-04-19,CZK,Karlovarský kraj,Toptrans,kamion,natural95,regionální,"Spotřeba materiálu, energie a externích služeb",Jan Novák,IDM1,R04,PD01,D02,H01,S02,ND01,Z0001
99,1099,2022-03-19,EUR,Středočeský kraj,Geis,nákladní vozidlo,natural95,regionální,"Spotřeba materiálu, energie a externích služeb",Josef Vošouch,IDM2,R11,PD04,D03,H01,S02,ND01,Z0004
100,1100,2022-09-01,EUR,Moravskoslezský kraj,Spedquick Třebíč,kamion,natural95,centrální,Mzdové a ostatní osobní náklady,Jan Novák,IDM2,R07,PD03,D02,H01,S03,ND02,Z0001
101,1101,2022-04-08,EUR,Jihočeský kraj,Pap Trutnov,nákladní vozidlo,diesel,centrální,Odpisy hmotného i nehmotného dlouhodobého majetku,Jiří Zeman,IDM2,R02,PD05,D03,H02,S03,ND03,Z0003
102,1102,2022-08-25,CZK,Jihomoravský kraj,Pap Trutnov,nákladní vozidlo,natural95,centrální,Odpisy hmotného i nehmotného dlouhodobého majetku,Jan Novák,IDM1,R03,PD05,D03,H01,S03,ND03,Z0001
103,1103,2022-02-12,EUR,Olomoucký kraj,Spedquick Třebíč,vlak,diesel,centrální,"Spotřeba materiálu, energie a externích služeb",Jan Novák,IDM2,R08,PD03,D01,H02,S03,ND01,Z0001
104,1104,2021-12-05,CZK,Královehradecký kraj,Toptrans,vlak,natural95,tranzitní,Odpisy hmotného i nehmotného dlouhodobého majetku,Daniel Podach,IDM1,R05,PD01,D01,H01,S01,ND03,Z0002
105,1105,2022-06-09,EUR,Královehradecký kraj,Pap Trutnov,nákladní vozidlo,diesel,centrální,Odpisy hmotného i nehmotného dlouhodobého majetku,Karel Barel,IDM2,R05,PD05,D03,H02,S03,ND03,Z0005
106,1106,2022-10-07,EUR,Hlavní město Praha,Spedquick Třebíč,nákladní vozidlo,natural95,centrální,Finanční náklady,Karel Barel,IDM2,R01,PD03,D03,H01,S03,ND04,Z0005
107,1107,2022-11-16,EUR,Hlavní město Praha,Geis,nákladní vozidlo,diesel,tranzitní,Mzdové a ostatní osobní náklady,Jiří Zeman,IDM2,R01,PD04,D03,H02,S01,ND02,Z0003
108,1108,2022-08-06,EUR,Ústecký krajVysočina,Pap Trutnov,vlak,diesel,regionální,"Spotřeba materiálu, energie a externích služeb",Karel Barel,IDM2,R13,PD05,D01,H02,S02,ND01,Z0005
109,1109,2022-11-24,CZK,Liberecký kraj,Pap Trutnov,vlak,diesel,centrální,"Spotřeba materiálu, energie a externích služeb",Jiří Zeman,IDM1,R06,PD05,D01,H02,S03,ND01,Z0003
110,1110,2022-08-02,CZK,Královehradecký kraj,Pap Trutnov,kamion,diesel,centrální,Mzdové a ostatní osobní náklady,Karel Barel,IDM1,R05,PD05,D02,H02,S03,ND02,Z0005
111,1111,2022-08-22,CZK,Jihočeský kraj,Pap Trutnov,kamion,natural95,regionální,Mzdové a ostatní osobní náklady,Josef Vošouch,IDM1,R02,PD05,D02,H01,S02,ND02,Z0004
112,1112,2022-07-19,CZK,Středočeský kraj,Pap Trutnov,kamion,diesel,regionální,Mzdové a ostatní osobní náklady,Karel Barel,IDM1,R11,PD05,D02,H02,S02,ND02,Z0005
113,1113,2022-03-29,EUR,Jihomoravský kraj,Pap Trutnov,nákladní vozidlo,natural95,regionální,Finanční náklady,Josef Vošouch,IDM2,R03,PD05,D03,H01,S02,ND04,Z0004
114,1114,2021-12-12,CZK,Zlínský kraj,Toptrans,kamion,natural95,tranzitní,Finanční náklady,Josef Vošouch,IDM1,R14,PD01,D02,H01,S01,ND04,Z0004
115,1115,2022-04-13,CZK,Středočeský kraj,Spedquick Třebíč,vlak,diesel,centrální,Mzdové a ostatní osobní náklady,Karel Barel,IDM1,R11,PD03,D01,H02,S03,ND02,Z0005
116,1116,2021-12-12,CZK,Plzeňský kraj,Geis,nákladní vozidlo,diesel,centrální,Mzdové a ostatní osobní náklady,Karel Barel,IDM1,R10,PD04,D03,H02,S03,ND02,Z0005
117,1117,2022-03-13,CZK,Pardubický kraj,GLS,vlak,diesel,regionální,Finanční náklady,Jan Novák,IDM1,R09,PD02,D01,H02,S02,ND04,Z0001
118,1118,2022-02-24,CZK,Olomoucký kraj,Toptrans,nákladní vozidlo,diesel,centrální,Finanční náklady,Karel Barel,IDM1,R08,PD01,D03,H02,S03,ND04,Z0005
119,1119,2022-01-14,EUR,Středočeský kraj,Pap Trutnov,kamion,diesel,regionální,"Spotřeba materiálu, energie a externích služeb",Karel Barel,IDM2,R11,PD05,D02,H02,S02,ND01,Z0005
120,1120,2022-06-16,CZK,Pardubický kraj,GLS,vlak,natural95,tranzitní,Finanční náklady,Josef Vošouch,IDM1,R09,PD02,D01,H01,S01,ND04,Z0004
121,1121,2022-08-05,CZK,Zlínský kraj,Geis,nákladní vozidlo,natural95,tranzitní,"Spotřeba materiálu, energie a externích služeb",Daniel Podach,IDM1,R14,PD04,D03,H01,S01,ND01,Z0002
122,1122,2022-08-29,CZK,Ústecký krajVysočina,Spedquick Třebíč,kamion,natural95,regionální,Finanční náklady,Josef Vošouch,IDM1,R13,PD03,D02,H01,S02,ND04,Z0004
123,1123,2022-07-20,CZK,Jihomoravský kraj,Toptrans,vlak,diesel,regionální,"Spotřeba materiálu, energie a externích služeb",Josef Vošouch,IDM1,R03,PD01,D01,H02,S02,ND01,Z0004
124,1124,2021-12-28,CZK,Královehradecký kraj,Spedquick Třebíč,nákladní vozidlo,natural95,regionální,Finanční náklady,Jiří Zeman,IDM1,R05,PD03,D03,H01,S02,ND04,Z0003
125,1125,2022-02-24,CZK,Ústecký krajVysočina,Pap Trutnov,kamion,diesel,tranzitní,Odpisy hmotného i nehmotného dlouhodobého majetku,Daniel Podach,IDM1,R13,PD05,D02,H02,S01,ND03,Z0002
126,1126,2022-07-02,CZK,Pardubický kraj,GLS,nákladní vozidlo,diesel,centrální,Mzdové a ostatní osobní náklady,Jiří Zeman,IDM1,R09,PD02,D03,H02,S03,ND02,Z0003
127,1127,2022-08-26,EUR,Karlovarský kraj,Geis,vlak,diesel,centrální,Mzdové a ostatní osobní náklady,Josef Vošouch,IDM2,R04,PD04,D01,H02,S03,ND02,Z0004
128,1128,2022-08-18,EUR,Ústecký krajVysočina,Spedquick Třebíč,kamion,natural95,regionální,"Spotřeba materiálu, energie a externích služeb",Josef Vošouch,IDM2,R13,PD03,D02,H01,S02,ND01,Z0004
129,1129,2022-07-25,CZK,Pardubický kraj,Toptrans,vlak,diesel,centrální,Finanční náklady,Jiří Zeman,IDM1,R09,PD01,D01,H02,S03,ND04,Z0003
130,1130,2022-01-15,CZK,Jihomoravský kraj,GLS,kamion,natural95,centrální,"Spotřeba materiálu, energie a externích služeb",Josef Vošouch,IDM1,R03,PD02,D02,H01,S03,ND01,Z0004
131,1131,2022-07-05,CZK,Středočeský kraj,Geis,nákladní vozidlo,diesel,tranzitní,"Spotřeba materiálu, energie a externích služeb",Karel Barel,IDM1,R11,PD04,D03,H02,S01,ND01,Z0005
132,1132,2022-03-17,EUR,Středočeský kraj,Geis,kamion,diesel,centrální,"Spotřeba materiálu, energie a externích služeb",Daniel Podach,IDM2,R11,PD04,D02,H02,S03,ND01,Z0002
133,1133,2022-01-03,EUR,Jihočeský kraj,GLS,nákladní vozidlo,diesel,tranzitní,Mzdové a ostatní osobní náklady,Jiří Zeman,IDM2,R02,PD02,D03,H02,S01,ND02,Z0003
134,1134,2022-06-18,CZK,Středočeský kraj,Spedquick Třebíč,vlak,natural95,centrální,Finanční náklady,Karel Barel,IDM1,R11,PD03,D01,H01,S03,ND04,Z0005
135,1135,2022-10-08,EUR,Jihočeský kraj,Spedquick Třebíč,nákladní vozidlo,diesel,centrální,Finanční náklady,Jan Novák,IDM2,R02,PD03,D03,H02,S03,ND04,Z0001
136,1136,2022-03-05,EUR,Jihočeský kraj,GLS,vlak,diesel,regionální,Finanční náklady,Jiří Zeman,IDM2,R02,PD02,D01,H02,S02,ND04,Z0003
137,1137,2022-03-31,EUR,Liberecký kraj,Toptrans,kamion,diesel,tranzitní,Mzdové a ostatní osobní náklady,Jiří Zeman,IDM2,R06,PD01,D02,H02,S01,ND02,Z0003
138,1138,2022-01-30,CZK,Jihomoravský kraj,Spedquick Třebíč,nákladní vozidlo,natural95,regionální,Mzdové a ostatní osobní náklady,Jiří Zeman,IDM1,R03,PD03,D03,H01,S02,ND02,Z0003
139,1139,2022-07-10,CZK,Plzeňský kraj,Geis,vlak,diesel,centrální,"Spotřeba materiálu, energie a externích služeb",Josef Vošouch,IDM1,R10,PD04,D01,H02,S03,ND01,Z0004
140,1140,2022-03-31,EUR,Karlovarský kraj,Pap Trutnov,kamion,diesel,centrální,Mzdové a ostatní osobní náklady,Josef Vošouch,IDM2,R04,PD05,D02,H02,S03,ND02,Z0004
141,1141,2022-08-20,CZK,Královehradecký kraj,GLS,kamion,natural95,tranzitní,Mzdové a ostatní osobní náklady,Josef Vošouch,IDM1,R05,PD02,D02,H01,S01,ND02,Z0004
142,1142,2022-02-21,EUR,Královehradecký kraj,Spedquick Třebíč,nákladní vozidlo,natural95,centrální,Odpisy hmotného i nehmotného dlouhodobého majetku,Karel Barel,IDM2,R05,PD03,D03,H01,S03,ND03,Z0005
143,1143,2022-01-04,CZK,Jihomoravský kraj,Pap Trutnov,vlak,natural95,centrální,"Spotřeba materiálu, energie a externích služeb",Josef Vošouch,IDM1,R03,PD05,D01,H01,S03,ND01,Z0004
144,1144,2022-10-09,CZK,Liberecký kraj,Spedquick Třebíč,vlak,natural95,regionální,Finanční náklady,Jan Novák,IDM1,R06,PD03,D01,H01,S02,ND04,Z0001
145,1145,2022-02-04,EUR,Olomoucký kraj,Spedquick Třebíč,nákladní vozidlo,diesel,regionální,Odpisy hmotného i nehmotného dlouhodobého majetku,Karel Barel,IDM2,R08,PD03,D03,H02,S02,ND03,Z0005
146,1146,2022-08-05,CZK,Plzeňský kraj,GLS,nákladní vozidlo,diesel,regionální,Odpisy hmotného i nehmotného dlouhodobého majetku,Karel Barel,IDM1,R10,PD02,D03,H02,S02,ND03,Z0005
147,1147,2022-08-05,CZK,Olomoucký kraj,Pap Trutnov,kamion,diesel,regionální,Finanční náklady,Jiří Zeman,IDM1,R08,PD05,D02,H02,S02,ND04,Z0003
148,1148,2022-06-16,CZK,Plzeňský kraj,GLS,kamion,natural95,tranzitní,Mzdové a ostatní osobní náklady,Jiří Zeman,IDM1,R10,PD02,D02,H01,S01,ND02,Z0003
149,1149,2022-10-03,EUR,Jihočeský kraj,Geis,kamion,diesel,tranzitní,Mzdové a ostatní osobní náklady,Josef Vošouch,IDM2,R02,PD04,D02,H02,S01,ND02,Z0004
150,1150,2022-06-24,EUR,Plzeňský kraj,Geis,nákladní vozidlo,natural95,centrální,Odpisy hmotného i nehmotného dlouhodobého majetku,Josef Vošouch,IDM2,R10,PD04,D03,H01,S03,ND03,Z0004
151,1151,2021-12-20,CZK,Ústecký krajVysočina,GLS,kamion,natural95,regionální,Odpisy hmotného i nehmotného dlouhodobého majetku,Jan Novák,IDM1,R13,PD02,D02,H01,S02,ND03,Z0001
152,1152,2022-10-13,CZK,Olomoucký kraj,Toptrans,kamion,diesel,centrální,Odpisy hmotného i nehmotného dlouhodobého majetku,Jan Novák,IDM1,R08,PD01,D02,H02,S03,ND03,Z0001
153,1153,2022-02-01,CZK,Olomoucký kraj,Geis,kamion,natural95,centrální,Mzdové a ostatní osobní náklady,Daniel Podach,IDM1,R08,PD04,D02,H01,S03,ND02,Z0002
154,1154,2022-08-21,CZK,Středočeský kraj,GLS,vlak,natural95,centrální,Mzdové a ostatní osobní náklady,Karel Barel,IDM1,R11,PD02,D01,H01,S03,ND02,Z0005
155,1155,2022-03-07,CZK,Pardubický kraj,GLS,vlak,diesel,tranzitní,Odpisy hmotného i nehmotného dlouhodobého majetku,Karel Barel,IDM1,R09,PD02,D01,H02,S01,ND03,Z0005
156,1156,2022-03-11,CZK,Hlavní město Praha,Toptrans,kamion,natural95,centrální,Mzdové a ostatní osobní náklady,Jan Novák,IDM1,R01,PD01,D02,H01,S03,ND02,Z0001
157,1157,2022-03-06,EUR,Královehradecký kraj,GLS,nákladní vozidlo,diesel,regionální,Odpisy hmotného i nehmotného dlouhodobého majetku,Jan Novák,IDM2,R05,PD02,D03,H02,S02,ND03,Z0001
158,1158,2022-01-15,CZK,Královehradecký kraj,Toptrans,nákladní vozidlo,diesel,centrální,Odpisy hmotného i nehmotného dlouhodobého majetku,Josef Vošouch,IDM1,R05,PD01,D03,H02,S03,ND03,Z0004
159,1159,2022-01-27,EUR,Plzeňský kraj,Spedquick Třebíč,nákladní vozidlo,natural95,centrální,Odpisy hmotného i nehmotného dlouhodobého majetku,Josef Vošouch,IDM2,R10,PD03,D03,H01,S03,ND03,Z0004
160,1160,2022-06-19,CZK,Karlovarský kraj,Spedquick Třebíč,vlak,natural95,tranzitní,Mzdové a ostatní osobní náklady,Jiří Zeman,IDM1,R04,PD03,D01,H01,S01,ND02,Z0003
161,1161,2021-12-27,EUR,Královehradecký kraj,GLS,vlak,natural95,regionální,Finanční náklady,Daniel Podach,IDM2,R05,PD02,D01,H01,S02,ND04,Z0002
162,1162,2022-11-06,CZK,Zlínský kraj,Geis,nákladní vozidlo,natural95,centrální,Finanční náklady,Daniel Podach,IDM1,R14,PD04,D03,H01,S03,ND04,Z0002
163,1163,2022-09-25,EUR,Olomoucký kraj,Spedquick Třebíč,kamion,diesel,regionální,Mzdové a ostatní osobní náklady,Jan Novák,IDM2,R08,PD03,D02,H02,S02,ND02,Z0001
164,1164,2022-06-15,CZK,Karlovarský kraj,Spedquick Třebíč,nákladní vozidlo,natural95,regionální,Mzdové a ostatní osobní náklady,Karel Barel,IDM1,R04,PD03,D03,H01,S02,ND02,Z0005
165,1165,2022-05-31,EUR,Liberecký kraj,Geis,vlak,natural95,regionální,Mzdové a ostatní osobní náklady,Karel Barel,IDM2,R06,PD04,D01,H01,S02,ND02,Z0005
166,1166,2022-07-25,EUR,Olomoucký kraj,Pap Trutnov,nákladní vozidlo,diesel,centrální,Finanční náklady,Jan Novák,IDM2,R08,PD05,D03,H02,S03,ND04,Z0001
167,1167,2022-06-15,CZK,Hlavní město Praha,Geis,vlak,diesel,regionální,Odpisy hmotného i nehmotného dlouhodobého majetku,Jiří Zeman,IDM1,R01,PD04,D01,H02,S02,ND03,Z0003
168,1168,2022-08-12,EUR,Plzeňský kraj,GLS,vlak,natural95,tranzitní,Finanční náklady,Josef Vošouch,IDM2,R10,PD02,D01,H01,S01,ND04,Z0004
169,1169,2022-09-03,EUR,Liberecký kraj,Toptrans,kamion,diesel,tranzitní,Odpisy hmotného i nehmotného dlouhodobého majetku,Jan Novák,IDM2,R06,PD01,D02,H02,S01,ND03,Z0001
170,1170,2022-01-22,EUR,Liberecký kraj,Pap Trutnov,kamion,natural95,centrální,Mzdové a ostatní osobní náklady,Josef Vošouch,IDM2,R06,PD05,D02,H01,S03,ND02,Z0004
171,1171,2022-07-28,CZK,Plzeňský kraj,GLS,nákladní vozidlo,natural95,tranzitní,Finanční náklady,Karel Barel,IDM1,R10,PD02,D03,H01,S01,ND04,Z0005
172,1172,2022-02-17,CZK,Jihočeský kraj,Spedquick Třebíč,kamion,diesel,regionální,Odpisy hmotného i nehmotného dlouhodobého majetku,Karel Barel,IDM1,R02,PD03,D02,H02,S02,ND03,Z0005
173,1173,2021-12-11,EUR,Královehradecký kraj,Toptrans,vlak,natural95,regionální,Odpisy hmotného i nehmotného dlouhodobého majetku,Jan Novák,IDM2,R05,PD01,D01,H01,S02,ND03,Z0001
174,1174,2022-07-19,CZK,Moravskoslezský kraj,Toptrans,kamion,diesel,regionální,Finanční náklady,Jan Novák,IDM1,R07,PD01,D02,H02,S02,ND04,Z0001
175,1175,2022-03-03,EUR,Hlavní město Praha,Pap Trutnov,nákladní vozidlo,natural95,regionální,Finanční náklady,Daniel Podach,IDM2,R01,PD05,D03,H01,S02,ND04,Z0002
176,1176,2022-02-06,CZK,Olomoucký kraj,GLS,kamion,natural95,regionální,Mzdové a ostatní osobní náklady,Jan Novák,IDM1,R08,PD02,D02,H01,S02,ND02,Z0001
177,1177,2022-01-17,CZK,Karlovarský kraj,Spedquick Třebíč,vlak,natural95,regionální,Odpisy hmotného i nehmotného dlouhodobého majetku,Karel Barel,IDM1,R04,PD03,D01,H01,S02,ND03,Z0005
178,1178,2022-03-31,CZK,Zlínský kraj,Pap Trutnov,nákladní vozidlo,natural95,regionální,Finanční náklady,Josef Vošouch,IDM1,R14,PD05,D03,H01,S02,ND04,Z0004
179,1179,2022-07-11,CZK,Jihomoravský kraj,Geis,kamion,natural95,centrální,Odpisy hmotného i nehmotného dlouhodobého majetku,Karel Barel,IDM1,R03,PD04,D02,H01,S03,ND03,Z0005
180,1180,2022-10-25,CZK,Zlínský kraj,Pap Trutnov,vlak,natural95,regionální,Odpisy hmotného i nehmotného dlouhodobého majetku,Karel Barel,IDM1,R14,PD05,D01,H01,S02,ND03,Z0005
181,1181,2022-12-03,CZK,Liberecký kraj,Toptrans,nákladní vozidlo,diesel,regionální,"Spotřeba materiálu, energie a externích služeb",Karel Barel,IDM1,R06,PD01,D03,H02,S02,ND01,Z0005
182,1182,2022-11-22,CZK,Jihočeský kraj,Toptrans,nákladní vozidlo,diesel,tranzitní,"Spotřeba materiálu, energie a externích služeb",Josef Vošouch,IDM1,R02,PD01,D03,H02,S01,ND01,Z0004
183,1183,2022-05-29,CZK,Plzeňský kraj,Pap Trutnov,nákladní vozidlo,diesel,regionální,"Spotřeba materiálu, energie a externích služeb",Daniel Podach,IDM1,R10,PD05,D03,H02,S02,ND01,Z0002
184,1184,2022-11-24,CZK,Pardubický kraj,Spedquick Třebíč,vlak,diesel,tranzitní,"Spotřeba materiálu, energie a externích služeb",Jan Novák,IDM1,R09,PD03,D01,H02,S01,ND01,Z0001
185,1185,2022-11-15,CZK,Hlavní město Praha,Geis,nákladní vozidlo,natural95,regionální,Finanční náklady,Jan Novák,IDM1,R01,PD04,D03,H01,S02,ND04,Z0001
186,1186,2022-07-25,EUR,Plzeňský kraj,GLS,vlak,diesel,centrální,Odpisy hmotného i nehmotného dlouhodobého majetku,Jan Novák,IDM2,R10,PD02,D01,H02,S03,ND03,Z0001
187,1187,2022-09-09,CZK,Ústecký krajVysočina,Pap Trutnov,vlak,natural95,regionální,"Spotřeba materiálu, energie a externích služeb",Jiří Zeman,IDM1,R13,PD05,D01,H01,S02,ND01,Z0003
188,1188,2022-10-25,CZK,Plzeňský kraj,Toptrans,kamion,diesel,centrální,Odpisy hmotného i nehmotného dlouhodobého majetku,Jan Novák,IDM1,R10,PD01,D02,H02,S03,ND03,Z0001
189,1189,2021-12-12,CZK,Pardubický kraj,Geis,vlak,diesel,tranzitní,Mzdové a ostatní osobní náklady,Jiří Zeman,IDM1,R09,PD04,D01,H02,S01,ND02,Z0003
190,1190,2022-05-23,CZK,Jihočeský kraj,Toptrans,kamion,natural95,regionální,"Spotřeba materiálu, energie a externích služeb",Karel Barel,IDM1,R02,PD01,D02,H01,S02,ND01,Z0005
191,1191,2022-05-11,CZK,Jihomoravský kraj,Pap Trutnov,vlak,natural95,regionální,Odpisy hmotného i nehmotného dlouhodobého majetku,Josef Vošouch,IDM1,R03,PD05,D01,H01,S02,ND03,Z0004
192,1192,2022-04-15,EUR,Hlavní město Praha,GLS,nákladní vozidlo,diesel,centrální,Finanční náklady,Jiří Zeman,IDM2,R01,PD02,D03,H02,S03,ND04,Z0003
193,1193,2022-01-24,CZK,Královehradecký kraj,GLS,kamion,diesel,regionální,"Spotřeba materiálu, energie a externích služeb",Jiří Zeman,IDM1,R05,PD02,D02,H02,S02,ND01,Z0003
194,1194,2022-08-10,CZK,Jihočeský kraj,Geis,nákladní vozidlo,diesel,tranzitní,Finanční náklady,Jiří Zeman,IDM1,R02,PD04,D03,H02,S01,ND04,Z0003
195,1195,2022-02-22,EUR,Ústecký krajVysočina,Pap Trutnov,kamion,diesel,regionální,Mzdové a ostatní osobní náklady,Daniel Podach,IDM2,R13,PD05,D02,H02,S02,ND02,Z0002
196,1196,2022-07-02,EUR,Plzeňský kraj,Geis,nákladní vozidlo,natural95,centrální,Odpisy hmotného i nehmotného dlouhodobého majetku,Karel Barel,IDM2,R10,PD04,D03,H01,S03,ND03,Z0005
197,1197,2022-10-05,CZK,Jihočeský kraj,Pap Trutnov,kamion,natural95,regionální,"Spotřeba materiálu, energie a externích služeb",Jan Novák,IDM1,R02,PD05,D02,H01,S02,ND01,Z0001
198,1198,2022-01-27,CZK,Liberecký kraj,Pap Trutnov,vlak,diesel,regionální,"Spotřeba materiálu, energie a externích služeb",Josef Vošouch,IDM1,R06,PD05,D01,H02,S02,ND01,Z0004
199,1199,2021-12-18,CZK,Zlínský kraj,Pap Trutnov,vlak,natural95,centrální,"Spotřeba materiálu, energie a externích služeb",Daniel Podach,IDM1,R14,PD05,D01,H01,S03,ND01,Z0002
200,1200,2022-04-18,CZK,Pardubický kraj,Toptrans,kamion,natural95,tranzitní,"Spotřeba materiálu, energie a externích služeb",Jiří Zeman,IDM1,R09,PD01,D02,H01,S01,ND01,Z0003
201,1201,2022-05-17,CZK,Královehradecký kraj,Toptrans,nákladní vozidlo,diesel,centrální,Odpisy hmotného i nehmotného dlouhodobého majetku,Karel Barel,IDM1,R05,PD01,D03,H02,S03,ND03,Z0005
202,1202,2022-03-06,EUR,Moravskoslezský kraj,Geis,kamion,diesel,tranzitní,Finanční náklady,Daniel Podach,IDM2,R07,PD04,D02,H02,S01,ND04,Z0002
203,1203,2022-07-08,EUR,Pardubický kraj,Geis,kamion,diesel,tranzitní,Mzdové a ostatní osobní náklady,Jiří Zeman,IDM2,R09,PD04,D02,H02,S01,ND02,Z0003
204,1204,2022-09-22,CZK,Středočeský kraj,GLS,nákladní vozidlo,diesel,centrální,Finanční náklady,Josef Vošouch,IDM1,R11,PD02,D03,H02,S03,ND04,Z0004
205,1205,2022-02-01,EUR,Plzeňský kraj,Pap Trutnov,vlak,natural95,centrální,"Spotřeba materiálu, energie a externích služeb",Daniel Podach,IDM2,R10,PD05,D01,H01,S03,ND01,Z0002
206,1206,2022-02-02,CZK,Olomoucký kraj,Spedquick Třebíč,nákladní vozidlo,diesel,regionální,Finanční náklady,Karel Barel,IDM1,R08,PD03,D03,H02,S02,ND04,Z0005
207,1207,2022-07-18,EUR,Jihočeský kraj,Geis,kamion,diesel,centrální,Mzdové a ostatní osobní náklady,Jan Novák,IDM2,R02,PD04,D02,H02,S03,ND02,Z0001
208,1208,2022-03-27,CZK,Jihomoravský kraj,Geis,kamion,natural95,regionální,Finanční náklady,Karel Barel,IDM1,R03,PD04,D02,H01,S02,ND04,Z0005
209,1209,2022-09-08,EUR,Středočeský kraj,GLS,kamion,natural95,centrální,Odpisy hmotného i nehmotného dlouhodobého majetku,Karel Barel,IDM2,R11,PD02,D02,H01,S03,ND03,Z0005
210,1210,2021-12-18,EUR,Karlovarský kraj,GLS,kamion,natural95,centrální,"Spotřeba materiálu, energie a externích služeb",Josef Vošouch,IDM2,R04,PD02,D02,H01,S03,ND01,Z0004
211,1211,2022-01-28,EUR,Liberecký kraj,Geis,nákladní vozidlo,natural95,centrální,Mzdové a ostatní osobní náklady,Karel Barel,IDM2,R06,PD04,D03,H01,S03,ND02,Z0005
212,1212,2022-12-04,CZK,Olomoucký kraj,Pap Trutnov,nákladní vozidlo,natural95,tranzitní,Mzdové a ostatní osobní náklady,Josef Vošouch,IDM1,R08,PD05,D03,H01,S01,ND02,Z0004
213,1213,2022-06-20,CZK,Plzeňský kraj,GLS,kamion,natural95,regionální,Odpisy hmotného i nehmotného dlouhodobého majetku,Karel Barel,IDM1,R10,PD02,D02,H01,S02,ND03,Z0005
214,1214,2022-04-20,EUR,Moravskoslezský kraj,Pap Trutnov,nákladní vozidlo,diesel,regionální,Mzdové a ostatní osobní náklady,Jan Novák,IDM2,R07,PD05,D03,H02,S02,ND02,Z0001
215,1215,2022-04-17,CZK,Zlínský kraj,Geis,kamion,natural95,centrální,"Spotřeba materiálu, energie a externích služeb",Daniel Podach,IDM1,R14,PD04,D02,H01,S03,ND01,Z0002
216,1216,2022-05-29,EUR,Ústecký krajVysočina,Pap Trutnov,vlak,natural95,regionální,Finanční náklady,Daniel Podach,IDM2,R13,PD05,D01,H01,S02,ND04,Z0002
217,1217,2022-04-07,EUR,Moravskoslezský kraj,Pap Trutnov,nákladní vozidlo,diesel,centrální,Mzdové a ostatní osobní náklady,Karel Barel,IDM2,R07,PD05,D03,H02,S03,ND02,Z0005
218,1218,2022-10-04,EUR,Královehradecký kraj,Geis,vlak,natural95,centrální,Finanční náklady,Daniel Podach,IDM2,R05,PD04,D01,H01,S03,ND04,Z0002
219,1219,2022-01-14,CZK,Středočeský kraj,GLS,kamion,natural95,regionální,"Spotřeba materiálu, energie a externích služeb",Josef Vošouch,IDM1,R11,PD02,D02,H01,S02,ND01,Z0004
220,1220,2022-08-23,EUR,Ústecký krajVysočina,GLS,vlak,diesel,centrální,Mzdové a ostatní osobní náklady,Karel Barel,IDM2,R13,PD02,D01,H02,S03,ND02,Z0005
221,1221,2022-01-11,EUR,Moravskoslezský kraj,GLS,kamion,natural95,regionální,Mzdové a ostatní osobní náklady,Daniel Podach,IDM2,R07,PD02,D02,H01,S02,ND02,Z0002
222,1222,2022-10-31,EUR,Královehradecký kraj,GLS,nákladní vozidlo,natural95,regionální,Odpisy hmotného i nehmotného dlouhodobého majetku,Daniel Podach,IDM2,R05,PD02,D03,H01,S02,ND03,Z0002
223,1223,2022-08-14,CZK,Pardubický kraj,Spedquick Třebíč,kamion,natural95,tranzitní,Odpisy hmotného i nehmotného dlouhodobého majetku,Jan Novák,IDM1,R09,PD03,D02,H01,S01,ND03,Z0001
224,1224,2022-04-11,EUR,Moravskoslezský kraj,Pap Trutnov,vlak,diesel,centrální,Mzdové a ostatní osobní náklady,Jiří Zeman,IDM2,R07,PD05,D01,H02,S03,ND02,Z0003
225,1225,2021-12-09,EUR,Olomoucký kraj,Spedquick Třebíč,kamion,natural95,regionální,Odpisy hmotného i nehmotného dlouhodobého majetku,Daniel Podach,IDM2,R08,PD03,D02,H01,S02,ND03,Z0002
226,1226,2022-06-30,CZK,Liberecký kraj,Geis,vlak,diesel,centrální,Mzdové a ostatní osobní náklady,Daniel Podach,IDM1,R06,PD04,D01,H02,S03,ND02,Z0002
227,1227,2022-04-21,EUR,Ústecký krajVysočina,Toptrans,nákladní vozidlo,diesel,regionální,Mzdové a ostatní osobní náklady,Karel Barel,IDM2,R13,PD01,D03,H02,S02,ND02,Z0005
228,1228,2022-06-23,EUR,Zlínský kraj,Toptrans,nákladní vozidlo,natural95,centrální,Mzdové a ostatní osobní náklady,Josef Vošouch,IDM2,R14,PD01,D03,H01,S03,ND02,Z0004
229,1229,2021-12-23,CZK,Karlovarský kraj,GLS,nákladní vozidlo,natural95,regionální,Finanční náklady,Josef Vošouch,IDM1,R04,PD02,D03,H01,S02,ND04,Z0004
230,1230,2022-07-23,CZK,Jihočeský kraj,Geis,vlak,diesel,tranzitní,Finanční náklady,Karel Barel,IDM1,R02,PD04,D01,H02,S01,ND04,Z0005
231,1231,2022-07-19,CZK,Středočeský kraj,GLS,kamion,natural95,regionální,Odpisy hmotného i nehmotného dlouhodobého majetku,Jiří Zeman,IDM1,R11,PD02,D02,H01,S02,ND03,Z0003
232,1232,2022-05-09,EUR,Středočeský kraj,GLS,vlak,diesel,tranzitní,Odpisy hmotného i nehmotného dlouhodobého majetku,Daniel Podach,IDM2,R11,PD02,D01,H02,S01,ND03,Z0002
233,1233,2022-02-05,EUR,Jihočeský kraj,Toptrans,vlak,diesel,centrální,Mzdové a ostatní osobní náklady,Josef Vošouch,IDM2,R02,PD01,D01,H02,S03,ND02,Z0004
234,1234,2022-09-06,EUR,Moravskoslezský kraj,Spedquick Třebíč,nákladní vozidlo,diesel,centrální,Odpisy hmotného i nehmotného dlouhodobého majetku,Daniel Podach,IDM2,R07,PD03,D03,H02,S03,ND03,Z0002
235,1235,2022-10-06,CZK,Zlínský kraj,Toptrans,vlak,natural95,tranzitní,Mzdové a ostatní osobní náklady,Daniel Podach,IDM1,R14,PD01,D01,H01,S01,ND02,Z0002
236,1236,2022-08-15,CZK,Moravskoslezský kraj,Pap Trutnov,kamion,natural95,tranzitní,Mzdové a ostatní osobní náklady,Jiří Zeman,IDM1,R07,PD05,D02,H01,S01,ND02,Z0003
237,1237,2021-12-05,EUR,Liberecký kraj,Geis,kamion,natural95,centrální,Mzdové a ostatní osobní náklady,Josef Vošouch,IDM2,R06,PD04,D02,H01,S03,ND02,Z0004
238,1238,2022-06-30,EUR,Zlínský kraj,GLS,kamion,natural95,tranzitní,Finanční náklady,Josef Vošouch,IDM2,R14,PD02,D02,H01,S01,ND04,Z0004
239,1239,2022-04-28,CZK,Moravskoslezský kraj,GLS,vlak,natural95,regionální,Odpisy hmotného i nehmotného dlouhodobého majetku,Karel Barel,IDM1,R07,PD02,D01,H01,S02,ND03,Z0005
240,1240,2021-12-07,CZK,Jihočeský kraj,GLS,nákladní vozidlo,diesel,regionální,"Spotřeba materiálu, energie a externích služeb",Daniel Podach,IDM1,R02,PD02,D03,H02,S02,ND01,Z0002
241,1241,2022-07-06,CZK,Královehradecký kraj,GLS,vlak,diesel,centrální,Mzdové a ostatní osobní náklady,Daniel Podach,IDM1,R05,PD02,D01,H02,S03,ND02,Z0002
242,1242,2022-01-29,CZK,Středočeský kraj,Spedquick Třebíč,vlak,diesel,tranzitní,Mzdové a ostatní osobní náklady,Karel Barel,IDM1,R11,PD03,D01,H02,S01,ND02,Z0005
243,1243,2022-08-21,EUR,Zlínský kraj,Spedquick Třebíč,nákladní vozidlo,natural95,centrální,"Spotřeba materiálu, energie a externích služeb",Jiří Zeman,IDM2,R14,PD03,D03,H01,S03,ND01,Z0003
244,1244,2022-06-19,CZK,Moravskoslezský kraj,Geis,nákladní vozidlo,natural95,regionální,Odpisy hmotného i nehmotného dlouhodobého majetku,Karel Barel,IDM1,R07,PD04,D03,H01,S02,ND03,Z0005
245,1245,2022-09-06,CZK,Středočeský kraj,Pap Trutnov,kamion,diesel,centrální,Mzdové a ostatní osobní náklady,Daniel Podach,IDM1,R11,PD05,D02,H02,S03,ND02,Z0002
246,1246,2022-08-20,EUR,Královehradecký kraj,Toptrans,kamion,natural95,centrální,Mzdové a ostatní osobní náklady,Karel Barel,IDM2,R05,PD01,D02,H01,S03,ND02,Z0005
247,1247,2022-03-17,CZK,Karlovarský kraj,Toptrans,vlak,natural95,centrální,Finanční náklady,Daniel Podach,IDM1,R04,PD01,D01,H01,S03,ND04,Z0002
248,1248,2022-02-15,CZK,Zlínský kraj,Pap Trutnov,vlak,diesel,tranzitní,Mzdové a ostatní osobní náklady,Jan Novák,IDM1,R14,PD05,D01,H02,S01,ND02,Z0001
249,1249,2022-02-20,EUR,Hlavní město Praha,Pap Trutnov,kamion,natural95,tranzitní,Odpisy hmotného i nehmotného dlouhodobého majetku,Daniel Podach,IDM2,R01,PD05,D02,H01,S01,ND03,Z0002
250,1250,2022-04-15,CZK,Ústecký krajVysočina,Pap Trutnov,kamion,diesel,regionální,Mzdové a ostatní osobní náklady,Daniel Podach,IDM1,R13,PD05,D02,H02,S02,ND02,Z0002
251,1251,2022-06-15,EUR,Liberecký kraj,Geis,kamion,diesel,tranzitní,Finanční náklady,Daniel Podach,IDM2,R06,PD04,D02,H02,S01,ND04,Z0002
252,1252,2022-03-05,CZK,Moravskoslezský kraj,GLS,vlak,diesel,regionální,"Spotřeba materiálu, energie a externích služeb",Karel Barel,IDM1,R07,PD02,D01,H02,S02,ND01,Z0005
253,1253,2022-03-27,CZK,Plzeňský kraj,Pap Trutnov,nákladní vozidlo,diesel,tranzitní,Mzdové a ostatní osobní náklady,Karel Barel,IDM1,R10,PD05,D03,H02,S01,ND02,Z0005
254,1254,2022-05-27,EUR,Zlínský kraj,Toptrans,kamion,natural95,tranzitní,Finanční náklady,Karel Barel,IDM2,R14,PD01,D02,H01,S01,ND04,Z0005
255,1255,2022-10-25,CZK,Jihočeský kraj,Spedquick Třebíč,nákladní vozidlo,natural95,regionální,Mzdové a ostatní osobní náklady,Jiří Zeman,IDM1,R02,PD03,D03,H01,S02,ND02,Z0003
256,1256,2022-07-12,CZK,Karlovarský kraj,Toptrans,vlak,diesel,centrální,Odpisy hmotného i nehmotného dlouhodobého majetku,Daniel Podach,IDM1,R04,PD01,D01,H02,S03,ND03,Z0002
257,1257,2022-05-21,EUR,Karlovarský kraj,Spedquick Třebíč,kamion,diesel,regionální,"Spotřeba materiálu, energie a externích služeb",Jan Novák,IDM2,R04,PD03,D02,H02,S02,ND01,Z0001
258,1258,2022-09-13,CZK,Plzeňský kraj,Toptrans,nákladní vozidlo,diesel,regionální,"Spotřeba materiálu, energie a externích služeb",Daniel Podach,IDM1,R10,PD01,D03,H02,S02,ND01,Z0002
259,1259,2022-06-19,CZK,Moravskoslezský kraj,GLS,vlak,diesel,regionální,"Spotřeba materiálu, energie a externích služeb",Daniel Podach,IDM1,R07,PD02,D01,H02,S02,ND01,Z0002
260,1260,2022-05-28,CZK,Karlovarský kraj,Spedquick Třebíč,kamion,natural95,regionální,"Spotřeba materiálu, energie a externích služeb",Daniel Podach,IDM1,R04,PD03,D02,H01,S02,ND01,Z0002
261,1261,2022-02-12,CZK,Olomoucký kraj,GLS,nákladní vozidlo,natural95,regionální,"Spotřeba materiálu, energie a externích služeb",Jan Novák,IDM1,R08,PD02,D03,H01,S02,ND01,Z0001
262,1262,2022-06-24,CZK,Ústecký krajVysočina,GLS,kamion,diesel,regionální,Mzdové a ostatní osobní náklady,Jiří Zeman,IDM1,R13,PD02,D02,H02,S02,ND02,Z0003
263,1263,2022-11-15,EUR,Olomoucký kraj,Pap Trutnov,vlak,natural95,regionální,Finanční náklady,Josef Vošouch,IDM2,R08,PD05,D01,H01,S02,ND04,Z0004
264,1264,2021-12-30,CZK,Olomoucký kraj,Geis,nákladní vozidlo,natural95,regionální,Mzdové a ostatní osobní náklady,Jiří Zeman,IDM1,R08,PD04,D03,H01,S02,ND02,Z0003
265,1265,2022-02-18,EUR,Olomoucký kraj,GLS,kamion,diesel,regionální,Finanční náklady,Jiří Zeman,IDM2,R08,PD02,D02,H02,S02,ND04,Z0003
266,1266,2022-01-12,CZK,Královehradecký kraj,Spedquick Třebíč,kamion,natural95,regionální,"Spotřeba materiálu, energie a externích služeb",Jan Novák,IDM1,R05,PD03,D02,H01,S02,ND01,Z0001
267,1267,2022-06-09,CZK,Jihočeský kraj,Toptrans,vlak,diesel,centrální,Finanční náklady,Karel Barel,IDM1,R02,PD01,D01,H02,S03,ND04,Z0005
268,1268,2022-09-30,EUR,Královehradecký kraj,Spedquick Třebíč,kamion,diesel,centrální,"Spotřeba materiálu, energie a externích služeb",Daniel Podach,IDM2,R05,PD03,D02,H02,S03,ND01,Z0002
269,1269,2022-11-13,EUR,Zlínský kraj,Geis,kamion,diesel,tranzitní,Odpisy hmotného i nehmotného dlouhodobého majetku,Jiří Zeman,IDM2,R14,PD04,D02,H02,S01,ND03,Z0003
270,1270,2022-02-24,CZK,Královehradecký kraj,Spedquick Třebíč,vlak,diesel,regionální,"Spotřeba materiálu, energie a externích služeb",Daniel Podach,IDM1,R05,PD03,D01,H02,S02,ND01,Z0002
271,1271,2022-10-08,CZK,Jihomoravský kraj,GLS,nákladní vozidlo,diesel,centrální,Odpisy hmotného i nehmotného dlouhodobého majetku,Karel Barel,IDM1,R03,PD02,D03,H02,S03,ND03,Z0005
272,1272,2022-06-25,EUR,Hlavní město Praha,GLS,nákladní vozidlo,diesel,tranzitní,Mzdové a ostatní osobní náklady,Karel Barel,IDM2,R01,PD02,D03,H02,S01,ND02,Z0005
273,1273,2022-09-01,CZK,Pardubický kraj,Geis,vlak,natural95,regionální,Mzdové a ostatní osobní náklady,Jan Novák,IDM1,R09,PD04,D01,H01,S02,ND02,Z0001
274,1274,2022-09-09,EUR,Hlavní město Praha,Geis,kamion,natural95,tranzitní,Mzdové a ostatní osobní náklady,Jan Novák,IDM2,R01,PD04,D02,H01,S01,ND02,Z0001
275,1275,2022-05-06,EUR,Moravskoslezský kraj,Pap Trutnov,vlak,diesel,regionální,Finanční náklady,Jiří Zeman,IDM2,R07,PD05,D01,H02,S02,ND04,Z0003
276,1276,2022-03-13,CZK,Liberecký kraj,Geis,nákladní vozidlo,natural95,tranzitní,Finanční náklady,Jan Novák,IDM1,R06,PD04,D03,H01,S01,ND04,Z0001
277,1277,2022-08-19,EUR,Středočeský kraj,Geis,kamion,natural95,centrální,Odpisy hmotného i nehmotného dlouhodobého majetku,Karel Barel,IDM2,R11,PD04,D02,H01,S03,ND03,Z0005
278,1278,2022-04-02,CZK,Zlínský kraj,Spedquick Třebíč,kamion,diesel,regionální,Finanční náklady,Jiří Zeman,IDM1,R14,PD03,D02,H02,S02,ND04,Z0003
279,1279,2022-05-27,CZK,Středočeský kraj,Pap Trutnov,kamion,diesel,regionální,"Spotřeba materiálu, energie a externích služeb",Daniel Podach,IDM1,R11,PD05,D02,H02,S02,ND01,Z0002
280,1280,2022-01-08,CZK,Olomoucký kraj,Pap Trutnov,nákladní vozidlo,natural95,centrální,Mzdové a ostatní osobní náklady,Daniel Podach,IDM1,R08,PD05,D03,H01,S03,ND02,Z0002
281,1281,2022-02-22,CZK,Středočeský kraj,Geis,nákladní vozidlo,diesel,regionální,"Spotřeba materiálu, energie a externích služeb",Jan Novák,IDM1,R11,PD04,D03,H02,S02,ND01,Z0001
282,1282,2022-01-01,CZK,Liberecký kraj,Pap Trutnov,vlak,diesel,centrální,"Spotřeba materiálu, energie a externích služeb",Daniel Podach,IDM1,R06,PD05,D01,H02,S03,ND01,Z0002
283,1283,2021-12-15,EUR,Královehradecký kraj,GLS,vlak,natural95,tranzitní,Odpisy hmotného i nehmotného dlouhodobého majetku,Josef Vošouch,IDM2,R05,PD02,D01,H01,S01,ND03,Z0004
284,1284,2022-08-15,CZK,Zlínský kraj,Toptrans,vlak,natural95,tranzitní,"Spotřeba materiálu, energie a externích služeb",Jiří Zeman,IDM1,R14,PD01,D01,H01,S01,ND01,Z0003
285,1285,2021-12-28,EUR,Pardubický kraj,Toptrans,kamion,diesel,tranzitní,Mzdové a ostatní osobní náklady,Daniel Podach,IDM2,R09,PD01,D02,H02,S01,ND02,Z0002
286,1286,2022-08-09,EUR,Ústecký krajVysočina,Toptrans,nákladní vozidlo,natural95,centrální,Finanční náklady,Karel Barel,IDM2,R13,PD01,D03,H01,S03,ND04,Z0005
287,1287,2022-01-01,CZK,Jihomoravský kraj,Spedquick Třebíč,nákladní vozidlo,natural95,regionální,Mzdové a ostatní osobní náklady,Daniel Podach,IDM1,R03,PD03,D03,H01,S02,ND02,Z0002
288,1288,2022-09-06,EUR,Zlínský kraj,Spedquick Třebíč,kamion,diesel,regionální,Mzdové a ostatní osobní náklady,Daniel Podach,IDM2,R14,PD03,D02,H02,S02,ND02,Z0002
289,1289,2022-03-28,CZK,Karlovarský kraj,Geis,kamion,diesel,centrální,Odpisy hmotného i nehmotného dlouhodobého majetku,Daniel Podach,IDM1,R04,PD04,D02,H02,S03,ND03,Z0002
290,1290,2022-05-07,EUR,Zlínský kraj,Spedquick Třebíč,vlak,natural95,regionální,Finanční náklady,Jan Novák,IDM2,R14,PD03,D01,H01,S02,ND04,Z0001
291,1291,2022-10-24,CZK,Jihočeský kraj,Pap Trutnov,nákladní vozidlo,natural95,centrální,Finanční náklady,Karel Barel,IDM1,R02,PD05,D03,H01,S03,ND04,Z0005
292,1292,2022-07-18,CZK,Ústecký krajVysočina,GLS,vlak,natural95,regionální,Finanční náklady,Jan Novák,IDM1,R13,PD02,D01,H01,S02,ND04,Z0001
293,1293,2022-10-01,CZK,Karlovarský kraj,Toptrans,vlak,natural95,tranzitní,Finanční náklady,Jan Novák,IDM1,R04,PD01,D01,H01,S01,ND04,Z0001
294,1294,2022-09-20,EUR,Karlovarský kraj,Spedquick Třebíč,vlak,natural95,centrální,Mzdové a ostatní osobní náklady,Daniel Podach,IDM2,R04,PD03,D01,H01,S03,ND02,Z0002
295,1295,2022-06-12,CZK,Hlavní město Praha,Spedquick Třebíč,nákladní vozidlo,diesel,tranzitní,"Spotřeba materiálu, energie a externích služeb",Karel Barel,IDM1,R01,PD03,D03,H02,S01,ND01,Z0005
296,1296,2022-03-18,EUR,Plzeňský kraj,Toptrans,nákladní vozidlo,diesel,centrální,Finanční náklady,Daniel Podach,IDM2,R10,PD01,D03,H02,S03,ND04,Z0002
297,1297,2022-01-02,CZK,Zlínský kraj,Geis,kamion,diesel,regionální,"Spotřeba materiálu, energie a externích služeb",Jan Novák,IDM1,R14,PD04,D02,H02,S02,ND01,Z0001
298,1298,2022-09-18,EUR,Ústecký krajVysočina,Geis,kamion,natural95,centrální,"Spotřeba materiálu, energie a externích služeb",Daniel Podach,IDM2,R13,PD04,D02,H01,S03,ND01,Z0002
299,1299,2022-05-05,EUR,Středočeský kraj,Pap Trutnov,nákladní vozidlo,natural95,tranzitní,Finanční náklady,Karel Barel,IDM2,R11,PD05,D03,H01,S01,ND04,Z0005
300,1300,2022-11-12,CZK,Jihočeský kraj,Geis,nákladní vozidlo,diesel,tranzitní,Odpisy hmotného i nehmotného dlouhodobého majetku,Jan Novák,IDM1,R02,PD04,D03,H02,S01,ND03,Z0001
301,1301,2022-05-29,EUR,Hlavní město Praha,Spedquick Třebíč,kamion,diesel,centrální,Mzdové a ostatní osobní náklady,Jiří Zeman,IDM2,R01,PD03,D02,H02,S03,ND02,Z0003
302,1302,2022-02-15,EUR,Olomoucký kraj,GLS,nákladní vozidlo,diesel,centrální,Finanční náklady,Karel Barel,IDM2,R08,PD02,D03,H02,S03,ND04,Z0005
303,1303,2022-08-19,CZK,Jihočeský kraj,GLS,kamion,diesel,centrální,Odpisy hmotného i nehmotného dlouhodobého majetku,Jan Novák,IDM1,R02,PD02,D02,H02,S03,ND03,Z0001
304,1304,2022-08-29,EUR,Hlavní město Praha,Toptrans,vlak,diesel,centrální,Mzdové a ostatní osobní náklady,Jan Novák,IDM2,R01,PD01,D01,H02,S03,ND02,Z0001
305,1305,2022-10-12,EUR,Jihomoravský kraj,Geis,vlak,diesel,regionální,Odpisy hmotného i nehmotného dlouhodobého majetku,Josef Vošouch,IDM2,R03,PD04,D01,H02,S02,ND03,Z0004
306,1306,2022-09-15,CZK,Plzeňský kraj,GLS,nákladní vozidlo,diesel,centrální,"Spotřeba materiálu, energie a externích služeb",Josef Vošouch,IDM1,R10,PD02,D03,H02,S03,ND01,Z0004
307,1307,2022-08-05,CZK,Plzeňský kraj,GLS,nákladní vozidlo,natural95,regionální,"Spotřeba materiálu, energie a externích služeb",Karel Barel,IDM1,R10,PD02,D03,H01,S02,ND01,Z0005
308,1308,2022-04-02,CZK,Královehradecký kraj,Pap Trutnov,nákladní vozidlo,natural95,regionální,Finanční náklady,Jiří Zeman,IDM1,R05,PD05,D03,H01,S02,ND04,Z0003
309,1309,2022-11-11,CZK,Liberecký kraj,Spedquick Třebíč,kamion,diesel,regionální,Odpisy hmotného i nehmotného dlouhodobého majetku,Jan Novák,IDM1,R06,PD03,D02,H02,S02,ND03,Z0001
310,1310,2022-11-26,CZK,Ústecký krajVysočina,Pap Trutnov,kamion,natural95,centrální,"Spotřeba materiálu, energie a externích služeb",Jan Novák,IDM1,R13,PD05,D02,H01,S03,ND01,Z0001
311,1311,2022-08-21,CZK,Olomoucký kraj,Spedquick Třebíč,kamion,natural95,tranzitní,Finanční náklady,Karel Barel,IDM1,R08,PD03,D02,H01,S01,ND04,Z0005
312,1312,2022-02-05,CZK,Královehradecký kraj,Pap Trutnov,kamion,diesel,centrální,Finanční náklady,Jiří Zeman,IDM1,R05,PD05,D02,H02,S03,ND04,Z0003
313,1313,2022-10-08,CZK,Královehradecký kraj,Geis,nákladní vozidlo,diesel,tranzitní,Finanční náklady,Karel Barel,IDM1,R05,PD04,D03,H02,S01,ND04,Z0005
314,1314,2022-11-20,EUR,Zlínský kraj,Pap Trutnov,nákladní vozidlo,diesel,tranzitní,Mzdové a ostatní osobní náklady,Jan Novák,IDM2,R14,PD05,D03,H02,S01,ND02,Z0001
315,1315,2021-12-19,EUR,Královehradecký kraj,Geis,kamion,diesel,tranzitní,Mzdové a ostatní osobní náklady,Karel Barel,IDM2,R05,PD04,D02,H02,S01,ND02,Z0005
316,1316,2022-07-04,CZK,Jihomoravský kraj,Toptrans,nákladní vozidlo,diesel,regionální,Mzdové a ostatní osobní náklady,Jan Novák,IDM1,R03,PD01,D03,H02,S02,ND02,Z0001
317,1317,2022-09-07,EUR,Ústecký krajVysočina,GLS,kamion,diesel,tranzitní,"Spotřeba materiálu, energie a externích služeb",Josef Vošouch,IDM2,R13,PD02,D02,H02,S01,ND01,Z0004
318,1318,2022-01-13,EUR,Královehradecký kraj,GLS,kamion,diesel,tranzitní,Finanční náklady,Daniel Podach,IDM2,R05,PD02,D02,H02,S01,ND04,Z0002
319,1319,2022-07-19,CZK,Hlavní město Praha,GLS,kamion,natural95,regionální,"Spotřeba materiálu, energie a externích služeb",Karel Barel,IDM1,R01,PD02,D02,H01,S02,ND01,Z0005
320,1320,2022-06-08,EUR,Plzeňský kraj,GLS,nákladní vozidlo,natural95,tranzitní,Finanční náklady,Jan Novák,IDM2,R10,PD02,D03,H01,S01,ND04,Z0001
321,1321,2022-11-02,CZK,Středočeský kraj,Geis,kamion,natural95,tranzitní,Odpisy hmotného i nehmotného dlouhodobého majetku,Jan Novák,IDM1,R11,PD04,D02,H01,S01,ND03,Z0001
322,1322,2022-01-24,CZK,Karlovarský kraj,Spedquick Třebíč,kamion,natural95,centrální,Finanční náklady,Daniel Podach,IDM1,R04,PD03,D02,H01,S03,ND04,Z0002
323,1323,2022-10-05,CZK,Pardubický kraj,GLS,nákladní vozidlo,natural95,tranzitní,"Spotřeba materiálu, energie a externích služeb",Josef Vošouch,IDM1,R09,PD02,D03,H01,S01,ND01,Z0004
324,1324,2022-10-10,EUR,Plzeňský kraj,Geis,kamion,diesel,tranzitní,Odpisy hmotného i nehmotného dlouhodobého majetku,Jiří Zeman,IDM2,R10,PD04,D02,H02,S01,ND03,Z0003
325,1325,2022-04-17,EUR,Pardubický kraj,Pap Trutnov,nákladní vozidlo,diesel,regionální,"Spotřeba materiálu, energie a externích služeb",Jan Novák,IDM2,R09,PD05,D03,H02,S02,ND01,Z0001
326,1326,2022-11-27,CZK,Jihomoravský kraj,GLS,vlak,natural95,regionální,"Spotřeba materiálu, energie a externích služeb",Jiří Zeman,IDM1,R03,PD02,D01,H01,S02,ND01,Z0003
327,1327,2022-10-26,CZK,Jihočeský kraj,Toptrans,nákladní vozidlo,natural95,tranzitní,Mzdové a ostatní osobní náklady,Daniel Podach,IDM1,R02,PD01,D03,H01,S01,ND02,Z0002
328,1328,2022-04-03,CZK,Středočeský kraj,Geis,nákladní vozidlo,natural95,tranzitní,Finanční náklady,Karel Barel,IDM1,R11,PD04,D03,H01,S01,ND04,Z0005
329,1329,2022-09-01,CZK,Olomoucký kraj,Toptrans,vlak,diesel,regionální,Finanční náklady,Josef Vošouch,IDM1,R08,PD01,D01,H02,S02,ND04,Z0004
330,1330,2022-11-25,EUR,Zlínský kraj,Geis,kamion,natural95,regionální,Odpisy hmotného i nehmotného dlouhodobého majetku,Jan Novák,IDM2,R14,PD04,D02,H01,S02,ND03,Z0001
331,1331,2022-04-05,CZK,Královehradecký kraj,Toptrans,vlak,natural95,tranzitní,"Spotřeba materiálu, energie a externích služeb",Karel Barel,IDM1,R05,PD01,D01,H01,S01,ND01,Z0005
332,1332,2022-08-11,EUR,Moravskoslezský kraj,Spedquick Třebíč,nákladní vozidlo,natural95,tranzitní,Odpisy hmotného i nehmotného dlouhodobého majetku,Karel Barel,IDM2,R07,PD03,D03,H01,S01,ND03,Z0005
333,1333,2022-10-24,CZK,Královehradecký kraj,Geis,kamion,natural95,tranzitní,"Spotřeba materiálu, energie a externích služeb",Jan Novák,IDM1,R05,PD04,D02,H01,S01,ND01,Z0001
334,1334,2022-06-14,CZK,Plzeňský kraj,Pap Trutnov,kamion,natural95,regionální,"Spotřeba materiálu, energie a externích služeb",Josef Vošouch,IDM1,R10,PD05,D02,H01,S02,ND01,Z0004
335,1335,2022-03-20,EUR,Plzeňský kraj,Pap Trutnov,vlak,diesel,regionální,Mzdové a ostatní osobní náklady,Karel Barel,IDM2,R10,PD05,D01,H02,S02,ND02,Z0005
336,1336,2022-11-06,EUR,Moravskoslezský kraj,GLS,vlak,diesel,regionální,"Spotřeba materiálu, energie a externích služeb",Daniel Podach,IDM2,R07,PD02,D01,H02,S02,ND01,Z0002
337,1337,2022-11-01,CZK,Královehradecký kraj,Geis,vlak,diesel,centrální,Mzdové a ostatní osobní náklady,Josef Vošouch,IDM1,R05,PD04,D01,H02,S03,ND02,Z0004
338,1338,2022-07-04,EUR,Liberecký kraj,GLS,vlak,diesel,tranzitní,Mzdové a ostatní osobní náklady,Josef Vošouch,IDM2,R06,PD02,D01,H02,S01,ND02,Z0004
339,1339,2022-07-31,EUR,Pardubický kraj,GLS,nákladní vozidlo,natural95,regionální,Finanční náklady,Daniel Podach,IDM2,R09,PD02,D03,H01,S02,ND04,Z0002
340,1340,2022-10-25,CZK,Olomoucký kraj,GLS,nákladní vozidlo,natural95,tranzitní,Finanční náklady,Karel Barel,IDM1,R08,PD02,D03,H01,S01,ND04,Z0005
341,1341,2022-07-21,EUR,Moravskoslezský kraj,Toptrans,kamion,natural95,tranzitní,"Spotřeba materiálu, energie a externích služeb",Jan Novák,IDM2,R07,PD01,D02,H01,S01,ND01,Z0001
342,1342,2022-05-14,EUR,Zlínský kraj,Pap Trutnov,nákladní vozidlo,diesel,centrální,Mzdové a ostatní osobní náklady,Jiří Zeman,IDM2,R14,PD05,D03,H02,S03,ND02,Z0003
343,1343,2022-01-23,EUR,Pardubický kraj,Spedquick Třebíč,kamion,natural95,centrální,Odpisy hmotného i nehmotného dlouhodobého majetku,Jan Novák,IDM2,R09,PD03,D02,H01,S03,ND03,Z0001
344,1344,2022-06-15,CZK,Královehradecký kraj,Pap Trutnov,nákladní vozidlo,diesel,regionální,"Spotřeba materiálu, energie a externích služeb",Karel Barel,IDM1,R05,PD05,D03,H02,S02,ND01,Z0005
345,1345,2022-03-04,EUR,Moravskoslezský kraj,Pap Trutnov,kamion,diesel,tranzitní,"Spotřeba materiálu, energie a externích služeb",Jiří Zeman,IDM2,R07,PD05,D02,H02,S01,ND01,Z0003
346,1346,2022-07-17,EUR,Pardubický kraj,Geis,nákladní vozidlo,diesel,centrální,Mzdové a ostatní osobní náklady,Daniel Podach,IDM2,R09,PD04,D03,H02,S03,ND02,Z0002
347,1347,2022-01-12,CZK,Jihomoravský kraj,GLS,nákladní vozidlo,diesel,centrální,Odpisy hmotného i nehmotného dlouhodobého majetku,Daniel Podach,IDM1,R03,PD02,D03,H02,S03,ND03,Z0002
348,1348,2022-05-12,CZK,Jihočeský kraj,Toptrans,vlak,natural95,centrální,"Spotřeba materiálu, energie a externích služeb",Josef Vošouch,IDM1,R02,PD01,D01,H01,S03,ND01,Z0004
349,1349,2022-08-23,EUR,Liberecký kraj,Geis,kamion,natural95,tranzitní,"Spotřeba materiálu, energie a externích služeb",Karel Barel,IDM2,R06,PD04,D02,H01,S01,ND01,Z0005
350,1350,2022-09-10,EUR,Středočeský kraj,Toptrans,vlak,natural95,tranzitní,Mzdové a ostatní osobní náklady,Jan Novák,IDM2,R11,PD01,D01,H01,S01,ND02,Z0001
351,1351,2022-03-19,EUR,Jihomoravský kraj,Toptrans,kamion,natural95,tranzitní,Odpisy hmotného i nehmotného dlouhodobého majetku,Jiří Zeman,IDM2,R03,PD01,D02,H01,S01,ND03,Z0003
352,1352,2022-05-12,EUR,Zlínský kraj,Toptrans,vlak,diesel,regionální,Finanční náklady,Jan Novák,IDM2,R14,PD01,D01,H02,S02,ND04,Z0001
353,1353,2022-09-08,CZK,Středočeský kraj,Spedquick Třebíč,nákladní vozidlo,diesel,tranzitní,Odpisy hmotného i nehmotného dlouhodobého majetku,Jiří Zeman,IDM1,R11,PD03,D03,H02,S01,ND03,Z0003
354,1354,2022-06-17,CZK,Karlovarský kraj,Pap Trutnov,nákladní vozidlo,natural95,tranzitní,"Spotřeba materiálu, energie a externích služeb",Daniel Podach,IDM1,R04,PD05,D03,H01,S01,ND01,Z0002
355,1355,2022-03-23,EUR,Středočeský kraj,Spedquick Třebíč,kamion,diesel,centrální,"Spotřeba materiálu, energie a externích služeb",Daniel Podach,IDM2,R11,PD03,D02,H02,S03,ND01,Z0002
356,1356,2022-07-04,EUR,Moravskoslezský kraj,GLS,kamion,diesel,regionální,Odpisy hmotného i nehmotného dlouhodobého majetku,Karel Barel,IDM2,R07,PD02,D02,H02,S02,ND03,Z0005
357,1357,2022-10-20,EUR,Liberecký kraj,Toptrans,nákladní vozidlo,diesel,centrální,Odpisy hmotného i nehmotného dlouhodobého majetku,Jiří Zeman,IDM2,R06,PD01,D03,H02,S03,ND03,Z0003
358,1358,2022-08-20,EUR,Zlínský kraj,Toptrans,vlak,diesel,tranzitní,"Spotřeba materiálu, energie a externích služeb",Daniel Podach,IDM2,R14,PD01,D01,H02,S01,ND01,Z0002
359,1359,2022-06-28,CZK,Olomoucký kraj,Geis,kamion,diesel,regionální,Mzdové a ostatní osobní náklady,Jan Novák,IDM1,R08,PD04,D02,H02,S02,ND02,Z0001
360,1360,2022-08-10,CZK,Pardubický kraj,GLS,nákladní vozidlo,diesel,tranzitní,"Spotřeba materiálu, energie a externích služeb",Daniel Podach,IDM1,R09,PD02,D03,H02,S01,ND01,Z0002
361,1361,2022-11-08,EUR,Zlínský kraj,GLS,kamion,natural95,centrální,Finanční náklady,Karel Barel,IDM2,R14,PD02,D02,H01,S03,ND04,Z0005
362,1362,2022-03-04,EUR,Plzeňský kraj,Toptrans,kamion,diesel,regionální,Mzdové a ostatní osobní náklady,Jiří Zeman,IDM2,R10,PD01,D02,H02,S02,ND02,Z0003
363,1363,2022-07-20,EUR,Plzeňský kraj,Spedquick Třebíč,kamion,diesel,centrální,Finanční náklady,Josef Vošouch,IDM2,R10,PD03,D02,H02,S03,ND04,Z0004
364,1364,2022-01-17,CZK,Ústecký krajVysočina,GLS,kamion,diesel,tranzitní,Mzdové a ostatní osobní náklady,Karel Barel,IDM1,R13,PD02,D02,H02,S01,ND02,Z0005
365,1365,2022-11-20,CZK,Jihomoravský kraj,Geis,nákladní vozidlo,natural95,centrální,Finanční náklady,Jan Novák,IDM1,R03,PD04,D03,H01,S03,ND04,Z0001
366,1366,2022-02-11,EUR,Ústecký krajVysočina,Geis,nákladní vozidlo,diesel,regionální,"Spotřeba materiálu, energie a externích služeb",Karel Barel,IDM2,R13,PD04,D03,H02,S02,ND01,Z0005
367,1367,2022-05-24,CZK,Ústecký krajVysočina,Spedquick Třebíč,kamion,natural95,tranzitní,Mzdové a ostatní osobní náklady,Josef Vošouch,IDM1,R13,PD03,D02,H01,S01,ND02,Z0004
368,1368,2022-06-01,EUR,Plzeňský kraj,Spedquick Třebíč,kamion,diesel,tranzitní,Finanční náklady,Karel Barel,IDM2,R10,PD03,D02,H02,S01,ND04,Z0005
369,1369,2022-02-07,CZK,Zlínský kraj,Pap Trutnov,kamion,natural95,regionální,Odpisy hmotného i nehmotného dlouhodobého majetku,Daniel Podach,IDM1,R14,PD05,D02,H01,S02,ND03,Z0002
370,1370,2022-01-18,EUR,Moravskoslezský kraj,Geis,nákladní vozidlo,diesel,centrální,Mzdové a ostatní osobní náklady,Karel Barel,IDM2,R07,PD04,D03,H02,S03,ND02,Z0005
371,1371,2022-11-13,EUR,Plzeňský kraj,Geis,kamion,diesel,tranzitní,Mzdové a ostatní osobní náklady,Jiří Zeman,IDM2,R10,PD04,D02,H02,S01,ND02,Z0003
372,1372,2022-09-19,EUR,Olomoucký kraj,GLS,vlak,natural95,regionální,Odpisy hmotného i nehmotného dlouhodobého majetku,Jiří Zeman,IDM2,R08,PD02,D01,H01,S02,ND03,Z0003
373,1373,2022-01-13,EUR,Ústecký krajVysočina,GLS,kamion,natural95,regionální,Finanční náklady,Josef Vošouch,IDM2,R13,PD02,D02,H01,S02,ND04,Z0004
374,1374,2022-03-03,CZK,Pardubický kraj,Pap Trutnov,kamion,natural95,regionální,Odpisy hmotného i nehmotného dlouhodobého majetku,Daniel Podach,IDM1,R09,PD05,D02,H01,S02,ND03,Z0002
375,1375,2022-02-07,CZK,Hlavní město Praha,Pap Trutnov,nákladní vozidlo,diesel,tranzitní,"Spotřeba materiálu, energie a externích služeb",Josef Vošouch,IDM1,R01,PD05,D03,H02,S01,ND01,Z0004
376,1376,2022-08-16,CZK,Karlovarský kraj,Geis,vlak,natural95,regionální,Mzdové a ostatní osobní náklady,Karel Barel,IDM1,R04,PD04,D01,H01,S02,ND02,Z0005
377,1377,2022-05-21,EUR,Olomoucký kraj,GLS,kamion,diesel,tranzitní,Mzdové a ostatní osobní náklady,Josef Vošouch,IDM2,R08,PD02,D02,H02,S01,ND02,Z0004
378,1378,2022-02-01,CZK,Liberecký kraj,Spedquick Třebíč,nákladní vozidlo,natural95,regionální,Finanční náklady,Jan Novák,IDM1,R06,PD03,D03,H01,S02,ND04,Z0001
379,1379,2022-02-05,CZK,Jihomoravský kraj,Pap Trutnov,kamion,diesel,tranzitní,Odpisy hmotného i nehmotného dlouhodobého majetku,Jan Novák,IDM1,R03,PD05,D02,H02,S01,ND03,Z0001
380,1380,2022-03-01,CZK,Zlínský kraj,Toptrans,kamion,natural95,centrální,"Spotřeba materiálu, energie a externích služeb",Karel Barel,IDM1,R14,PD01,D02,H01,S03,ND01,Z0005
381,1381,2021-12-05,CZK,Liberecký kraj,Pap Trutnov,kamion,diesel,tranzitní,Finanční náklady,Karel Barel,IDM1,R06,PD05,D02,H02,S01,ND04,Z0005
382,1382,2022-02-05,CZK,Jihomoravský kraj,Pap Trutnov,kamion,diesel,tranzitní,Odpisy hmotného i nehmotného dlouhodobého majetku,Daniel Podach,IDM1,R03,PD05,D02,H02,S01,ND03,Z0002
383,1383,2022-03-08,EUR,Moravskoslezský kraj,GLS,vlak,natural95,centrální,"Spotřeba materiálu, energie a externích služeb",Jiří Zeman,IDM2,R07,PD02,D01,H01,S03,ND01,Z0003
384,1384,2022-09-13,CZK,Jihomoravský kraj,Pap Trutnov,vlak,diesel,centrální,Mzdové a ostatní osobní náklady,Josef Vošouch,IDM1,R03,PD05,D01,H02,S03,ND02,Z0004
385,1385,2022-03-09,CZK,Středočeský kraj,GLS,kamion,natural95,centrální,Finanční náklady,Jiří Zeman,IDM1,R11,PD02,D02,H01,S03,ND04,Z0003
386,1386,2022-01-29,EUR,Moravskoslezský kraj,Toptrans,nákladní vozidlo,diesel,regionální,Mzdové a ostatní osobní náklady,Josef Vošouch,IDM2,R07,PD01,D03,H02,S02,ND02,Z0004
387,1387,2022-12-02,CZK,Olomoucký kraj,Pap Trutnov,kamion,natural95,tranzitní,"Spotřeba materiálu, energie a externích služeb",Josef Vošouch,IDM1,R08,PD05,D02,H01,S01,ND01,Z0004
388,1388,2022-01-25,CZK,Moravskoslezský kraj,Geis,kamion,diesel,regionální,Finanční náklady,Daniel Podach,IDM1,R07,PD04,D02,H02,S02,ND04,Z0002
389,1389,2022-05-07,EUR,Zlínský kraj,Spedquick Třebíč,kamion,diesel,regionální,"Spotřeba materiálu, energie a externích služeb",Karel Barel,IDM2,R14,PD03,D02,H02,S02,ND01,Z0005
390,1390,2021-12-21,EUR,Olomoucký kraj,Geis,kamion,diesel,centrální,Mzdové a ostatní osobní náklady,Josef Vošouch,IDM2,R08,PD04,D02,H02,S03,ND02,Z0004
391,1391,2022-10-14,EUR,Pardubický kraj,Pap Trutnov,kamion,natural95,centrální,"Spotřeba materiálu, energie a externích služeb",Jiří Zeman,IDM2,R09,PD05,D02,H01,S03,ND01,Z0003
392,1392,2022-10-12,CZK,Moravskoslezský kraj,GLS,vlak,diesel,centrální,Mzdové a ostatní osobní náklady,Karel Barel,IDM1,R07,PD02,D01,H02,S03,ND02,Z0005
393,1393,2022-09-09,CZK,Jihomoravský kraj,Geis,nákladní vozidlo,natural95,tranzitní,Mzdové a ostatní osobní náklady,Jiří Zeman,IDM1,R03,PD04,D03,H01,S01,ND02,Z0003
394,1394,2022-02-27,EUR,Hlavní město Praha,Pap Trutnov,kamion,diesel,tranzitní,Odpisy hmotného i nehmotného dlouhodobého majetku,Daniel Podach,IDM2,R01,PD05,D02,H02,S01,ND03,Z0002
395,1395,2022-10-04,CZK,Jihomoravský kraj,Geis,kamion,natural95,tranzitní,"Spotřeba materiálu, energie a externích služeb",Josef Vošouch,IDM1,R03,PD04,D02,H01,S01,ND01,Z0004
396,1396,2021-12-08,CZK,Středočeský kraj,Spedquick Třebíč,kamion,diesel,tranzitní,"Spotřeba materiálu, energie a externích služeb",Jan Novák,IDM1,R11,PD03,D02,H02,S01,ND01,Z0001
397,1397,2022-07-03,CZK,Hlavní město Praha,Pap Trutnov,kamion,diesel,tranzitní,Odpisy hmotného i nehmotného dlouhodobého majetku,Josef Vošouch,IDM1,R01,PD05,D02,H02,S01,ND03,Z0004
398,1398,2022-11-15,CZK,Liberecký kraj,Toptrans,nákladní vozidlo,natural95,regionální,Odpisy hmotného i nehmotného dlouhodobého majetku,Jiří Zeman,IDM1,R06,PD01,D03,H01,S02,ND03,Z0003
399,1399,2022-02-27,CZK,Plzeňský kraj,Toptrans,nákladní vozidlo,diesel,tranzitní,Mzdové a ostatní osobní náklady,Jan Novák,IDM1,R10,PD01,D03,H02,S01,ND02,Z0001
400,1400,2022-08-01,CZK,Jihočeský kraj,Toptrans,kamion,diesel,centrální,Finanční náklady,Jiří Zeman,IDM1,R02,PD01,D02,H02,S03,ND04,Z0003
401,1401,2022-08-12,EUR,Hlavní město Praha,Geis,kamion,natural95,centrální,Finanční náklady,Daniel Podach,IDM2,R01,PD04,D02,H01,S03,ND04,Z0002
402,1402,2022-07-01,EUR,Karlovarský kraj,Geis,vlak,natural95,tranzitní,Odpisy hmotného i nehmotného dlouhodobého majetku,Josef Vošouch,IDM2,R04,PD04,D01,H01,S01,ND03,Z0004
403,1403,2021-12-11,CZK,Olomoucký kraj,Toptrans,kamion,diesel,tranzitní,"Spotřeba materiálu, energie a externích služeb",Josef Vošouch,IDM1,R08,PD01,D02,H02,S01,ND01,Z0004
404,1404,2022-06-23,EUR,Pardubický kraj,Spedquick Třebíč,kamion,natural95,centrální,Mzdové a ostatní osobní náklady,Karel Barel,IDM2,R09,PD03,D02,H01,S03,ND02,Z0005
405,1405,2022-11-16,CZK,Hlavní město Praha,Pap Trutnov,kamion,natural95,regionální,Mzdové a ostatní osobní náklady,Jan Novák,IDM1,R01,PD05,D02,H01,S02,ND02,Z0001
406,1406,2022-02-19,CZK,Plzeňský kraj,Pap Trutnov,vlak,natural95,tranzitní,"Spotřeba materiálu, energie a externích služeb",Josef Vošouch,IDM1,R10,PD05,D01,H01,S01,ND01,Z0004
407,1407,2022-09-02,CZK,Plzeňský kraj,Pap Trutnov,nákladní vozidlo,natural95,centrální,Odpisy hmotného i nehmotného dlouhodobého majetku,Josef Vošouch,IDM1,R10,PD05,D03,H01,S03,ND03,Z0004
408,1408,2022-06-17,EUR,Plzeňský kraj,Toptrans,nákladní vozidlo,natural95,regionální,Odpisy hmotného i nehmotného dlouhodobého majetku,Jiří Zeman,IDM2,R10,PD01,D03,H01,S02,ND03,Z0003
409,1409,2022-10-21,CZK,Plzeňský kraj,Toptrans,nákladní vozidlo,natural95,regionální,"Spotřeba materiálu, energie a externích služeb",Josef Vošouch,IDM1,R10,PD01,D03,H01,S02,ND01,Z0004
410,1410,2022-03-10,EUR,Jihomoravský kraj,Spedquick Třebíč,nákladní vozidlo,natural95,tranzitní,Finanční náklady,Jan Novák,IDM2,R03,PD03,D03,H01,S01,ND04,Z0001
411,1411,2022-06-22,CZK,Středočeský kraj,Spedquick Třebíč,nákladní vozidlo,natural95,regionální,Mzdové a ostatní osobní náklady,Josef Vošouch,IDM1,R11,PD03,D03,H01,S02,ND02,Z0004
412,1412,2021-12-20,CZK,Jihomoravský kraj,Toptrans,kamion,natural95,tranzitní,Odpisy hmotného i nehmotného dlouhodobého majetku,Jan Novák,IDM1,R03,PD01,D02,H01,S01,ND03,Z0001
413,1413,2022-01-30,CZK,Ústecký krajVysočina,Geis,vlak,diesel,tranzitní,Mzdové a ostatní osobní náklady,Karel Barel,IDM1,R13,PD04,D01,H02,S01,ND02,Z0005
414,1414,2022-11-07,CZK,Plzeňský kraj,Pap Trutnov,kamion,diesel,tranzitní,Finanční náklady,Daniel Podach,IDM1,R10,PD05,D02,H02,S01,ND04,Z0002
415,1415,2022-08-04,EUR,Královehradecký kraj,Toptrans,kamion,diesel,centrální,Finanční náklady,Daniel Podach,IDM2,R05,PD01,D02,H02,S03,ND04,Z0002
416,1416,2022-05-05,CZK,Královehradecký kraj,Spedquick Třebíč,nákladní vozidlo,diesel,regionální,Mzdové a ostatní osobní náklady,Josef Vošouch,IDM1,R05,PD03,D03,H02,S02,ND02,Z0004
417,1417,2022-05-24,EUR,Plzeňský kraj,Pap Trutnov,kamion,diesel,tranzitní,Finanční náklady,Daniel Podach,IDM2,R10,PD05,D02,H02,S01,ND04,Z0002
418,1418,2022-07-20,EUR,Středočeský kraj,Spedquick Třebíč,vlak,natural95,tranzitní,"Spotřeba materiálu, energie a externích služeb",Daniel Podach,IDM2,R11,PD03,D01,H01,S01,ND01,Z0002
419,1419,2022-10-13,EUR,Moravskoslezský kraj,Geis,nákladní vozidlo,natural95,tranzitní,"Spotřeba materiálu, energie a externích služeb",Daniel Podach,IDM2,R07,PD04,D03,H01,S01,ND01,Z0002
420,1420,2022-07-17,EUR,Liberecký kraj,Pap Trutnov,kamion,diesel,regionální,Mzdové a ostatní osobní náklady,Daniel Podach,IDM2,R06,PD05,D02,H02,S02,ND02,Z0002
421,1421,2022-04-12,EUR,Liberecký kraj,Geis,nákladní vozidlo,natural95,centrální,Finanční náklady,Josef Vošouch,IDM2,R06,PD04,D03,H01,S03,ND04,Z0004
422,1422,2022-10-04,CZK,Liberecký kraj,GLS,kamion,natural95,regionální,Finanční náklady,Jiří Zeman,IDM1,R06,PD02,D02,H01,S02,ND04,Z0003
423,1423,2022-10-09,CZK,Hlavní město Praha,Toptrans,vlak,natural95,regionální,Finanční náklady,Jan Novák,IDM1,R01,PD01,D01,H01,S02,ND04,Z0001
424,1424,2022-02-10,CZK,Plzeňský kraj,GLS,nákladní vozidlo,natural95,centrální,"Spotřeba materiálu, energie a externích služeb",Josef Vošouch,IDM1,R10,PD02,D03,H01,S03,ND01,Z0004
425,1425,2022-10-23,CZK,Moravskoslezský kraj,Pap Trutnov,nákladní vozidlo,diesel,tranzitní,Mzdové a ostatní osobní náklady,Jan Novák,IDM1,R07,PD05,D03,H02,S01,ND02,Z0001
426,1426,2022-05-30,CZK,Liberecký kraj,Geis,vlak,diesel,tranzitní,Finanční náklady,Karel Barel,IDM1,R06,PD04,D01,H02,S01,ND04,Z0005
427,1427,2022-05-06,CZK,Ústecký krajVysočina,Geis,kamion,diesel,centrální,Odpisy hmotného i nehmotného dlouhodobého majetku,Jan Novák,IDM1,R13,PD04,D02,H02,S03,ND03,Z0001
428,1428,2022-07-25,EUR,Olomoucký kraj,Pap Trutnov,kamion,natural95,centrální,Odpisy hmotného i nehmotného dlouhodobého majetku,Jiří Zeman,IDM2,R08,PD05,D02,H01,S03,ND03,Z0003
429,1429,2022-04-29,CZK,Liberecký kraj,Toptrans,vlak,natural95,regionální,Odpisy hmotného i nehmotného dlouhodobého majetku,Karel Barel,IDM1,R06,PD01,D01,H01,S02,ND03,Z0005
430,1430,2022-08-17,EUR,Jihočeský kraj,GLS,nákladní vozidlo,diesel,tranzitní,Finanční náklady,Jiří Zeman,IDM2,R02,PD02,D03,H02,S01,ND04,Z0003
431,1431,2022-04-12,EUR,Středočeský kraj,Toptrans,vlak,diesel,regionální,Mzdové a ostatní osobní náklady,Karel Barel,IDM2,R11,PD01,D01,H02,S02,ND02,Z0005
432,1432,2022-10-29,CZK,Plzeňský kraj,Toptrans,nákladní vozidlo,diesel,tranzitní,Odpisy hmotného i nehmotného dlouhodobého majetku,Jan Novák,IDM1,R10,PD01,D03,H02,S01,ND03,Z0001
433,1433,2022-06-15,CZK,Zlínský kraj,Geis,nákladní vozidlo,diesel,regionální,Mzdové a ostatní osobní náklady,Jiří Zeman,IDM1,R14,PD04,D03,H02,S02,ND02,Z0003
434,1434,2022-03-13,CZK,Středočeský kraj,GLS,vlak,diesel,centrální,Finanční náklady,Jiří Zeman,IDM1,R11,PD02,D01,H02,S03,ND04,Z0003
435,1435,2022-08-22,CZK,Jihomoravský kraj,Pap Trutnov,nákladní vozidlo,diesel,centrální,"Spotřeba materiálu, energie a externích služeb",Jan Novák,IDM1,R03,PD05,D03,H02,S03,ND01,Z0001
436,1436,2022-01-19,CZK,Středočeský kraj,Toptrans,nákladní vozidlo,diesel,regionální,Odpisy hmotného i nehmotného dlouhodobého majetku,Karel Barel,IDM1,R11,PD01,D03,H02,S02,ND03,Z0005
437,1437,2022-04-29,EUR,Jihomoravský kraj,Geis,kamion,diesel,tranzitní,Odpisy hmotného i nehmotného dlouhodobého majetku,Jan Novák,IDM2,R03,PD04,D02,H02,S01,ND03,Z0001
438,1438,2022-04-02,EUR,Královehradecký kraj,GLS,kamion,natural95,centrální,Mzdové a ostatní osobní náklady,Daniel Podach,IDM2,R05,PD02,D02,H01,S03,ND02,Z0002
439,1439,2022-05-07,EUR,Jihomoravský kraj,Pap Trutnov,nákladní vozidlo,diesel,regionální,Mzdové a ostatní osobní náklady,Karel Barel,IDM2,R03,PD05,D03,H02,S02,ND02,Z0005
440,1440,2022-01-15,CZK,Zlínský kraj,GLS,vlak,natural95,regionální,"Spotřeba materiálu, energie a externích služeb",Daniel Podach,IDM1,R14,PD02,D01,H01,S02,ND01,Z0002
441,1441,2021-12-25,CZK,Hlavní město Praha,Pap Trutnov,kamion,diesel,tranzitní,Finanční náklady,Daniel Podach,IDM1,R01,PD05,D02,H02,S01,ND04,Z0002
442,1442,2022-02-20,CZK,Moravskoslezský kraj,GLS,kamion,natural95,regionální,Mzdové a ostatní osobní náklady,Josef Vošouch,IDM1,R07,PD02,D02,H01,S02,ND02,Z0004
443,1443,2021-12-13,EUR,Královehradecký kraj,Toptrans,nákladní vozidlo,natural95,centrální,Odpisy hmotného i nehmotného dlouhodobého majetku,Jan Novák,IDM2,R05,PD01,D03,H01,S03,ND03,Z0001
444,1444,2022-01-18,CZK,Olomoucký kraj,Geis,kamion,natural95,centrální,"Spotřeba materiálu, energie a externích služeb",Jiří Zeman,IDM1,R08,PD04,D02,H01,S03,ND01,Z0003
445,1445,2022-03-10,CZK,Plzeňský kraj,Spedquick Třebíč,nákladní vozidlo,diesel,tranzitní,"Spotřeba materiálu, energie a externích služeb",Josef Vošouch,IDM1,R10,PD03,D03,H02,S01,ND01,Z0004
446,1446,2022-11-19,CZK,Plzeňský kraj,Toptrans,nákladní vozidlo,diesel,tranzitní,Mzdové a ostatní osobní náklady,Jan Novák,IDM1,R10,PD01,D03,H02,S01,ND02,Z0001
447,1447,2022-06-05,EUR,Hlavní město Praha,Spedquick Třebíč,kamion,diesel,tranzitní,Mzdové a ostatní osobní náklady,Karel Barel,IDM2,R01,PD03,D02,H02,S01,ND02,Z0005
448,1448,2022-11-09,CZK,Jihomoravský kraj,Geis,nákladní vozidlo,diesel,regionální,Finanční náklady,Jiří Zeman,IDM1,R03,PD04,D03,H02,S02,ND04,Z0003
449,1449,2022-09-01,CZK,Plzeňský kraj,GLS,kamion,natural95,tranzitní,Mzdové a ostatní osobní náklady,Jan Novák,IDM1,R10,PD02,D02,H01,S01,ND02,Z0001
450,1450,2022-06-23,CZK,Pardubický kraj,GLS,nákladní vozidlo,natural95,centrální,"Spotřeba materiálu, energie a externích služeb",Jiří Zeman,IDM1,R09,PD02,D03,H01,S03,ND01,Z0003
451,1451,2022-05-27,CZK,Zlínský kraj,Pap Trutnov,nákladní vozidlo,diesel,centrální,Mzdové a ostatní osobní náklady,Jan Novák,IDM1,R14,PD05,D03,H02,S03,ND02,Z0001
452,1452,2022-02-22,CZK,Jihomoravský kraj,GLS,nákladní vozidlo,diesel,tranzitní,"Spotřeba materiálu, energie a externích služeb",Daniel Podach,IDM1,R03,PD02,D03,H02,S01,ND01,Z0002
453,1453,2022-02-26,EUR,Moravskoslezský kraj,Spedquick Třebíč,vlak,diesel,centrální,Finanční náklady,Josef Vošouch,IDM2,R07,PD03,D01,H02,S03,ND04,Z0004
454,1454,2022-08-18,CZK,Hlavní město Praha,Toptrans,kamion,natural95,centrální,"Spotřeba materiálu, energie a externích služeb",Karel Barel,IDM1,R01,PD01,D02,H01,S03,ND01,Z0005
455,1455,2022-04-15,CZK,Olomoucký kraj,GLS,kamion,diesel,regionální,Mzdové a ostatní osobní náklady,Jiří Zeman,IDM1,R08,PD02,D02,H02,S02,ND02,Z0003
456,1456,2022-06-26,CZK,Jihočeský kraj,Spedquick Třebíč,vlak,natural95,centrální,Mzdové a ostatní osobní náklady,Jiří Zeman,IDM1,R02,PD03,D01,H01,S03,ND02,Z0003
457,1457,2022-01-22,CZK,Jihomoravský kraj,Toptrans,nákladní vozidlo,natural95,tranzitní,"Spotřeba materiálu, energie a externích služeb",Jiří Zeman,IDM1,R03,PD01,D03,H01,S01,ND01,Z0003
458,1458,2022-11-22,EUR,Jihočeský kraj,Toptrans,kamion,diesel,regionální,Mzdové a ostatní osobní náklady,Josef Vošouch,IDM2,R02,PD01,D02,H02,S02,ND02,Z0004
459,1459,2022-06-27,EUR,Karlovarský kraj,Pap Trutnov,vlak,natural95,tranzitní,Odpisy hmotného i nehmotného dlouhodobého majetku,Daniel Podach,IDM2,R04,PD05,D01,H01,S01,ND03,Z0002
460,1460,2022-08-19,EUR,Jihomoravský kraj,Spedquick Třebíč,vlak,diesel,tranzitní,"Spotřeba materiálu, energie a externích služeb",Josef Vošouch,IDM2,R03,PD03,D01,H02,S01,ND01,Z0004
461,1461,2022-03-28,CZK,Karlovarský kraj,Geis,nákladní vozidlo,natural95,centrální,Odpisy hmotného i nehmotného dlouhodobého majetku,Daniel Podach,IDM1,R04,PD04,D03,H01,S03,ND03,Z0002
462,1462,2022-07-12,CZK,Ústecký krajVysočina,GLS,nákladní vozidlo,natural95,tranzitní,"Spotřeba materiálu, energie a externích služeb",Daniel Podach,IDM1,R13,PD02,D03,H01,S01,ND01,Z0002
463,1463,2022-05-24,CZK,Hlavní město Praha,Pap Trutnov,vlak,natural95,regionální,Mzdové a ostatní osobní náklady,Jan Novák,IDM1,R01,PD05,D01,H01,S02,ND02,Z0001
464,1464,2022-11-10,EUR,Moravskoslezský kraj,GLS,kamion,natural95,centrální,Odpisy hmotného i nehmotného dlouhodobého majetku,Josef Vošouch,IDM2,R07,PD02,D02,H01,S03,ND03,Z0004
465,1465,2021-12-14,EUR,Jihomoravský kraj,GLS,kamion,diesel,centrální,Mzdové a ostatní osobní náklady,Jiří Zeman,IDM2,R03,PD02,D02,H02,S03,ND02,Z0003
466,1466,2022-08-16,CZK,Pardubický kraj,Pap Trutnov,kamion,natural95,centrální,Odpisy hmotného i nehmotného dlouhodobého majetku,Jiří Zeman,IDM1,R09,PD05,D02,H01,S03,ND03,Z0003
467,1467,2022-07-17,CZK,Jihočeský kraj,Geis,kamion,natural95,regionální,Mzdové a ostatní osobní náklady,Jan Novák,IDM1,R02,PD04,D02,H01,S02,ND02,Z0001
468,1468,2022-10-07,CZK,Liberecký kraj,Geis,nákladní vozidlo,natural95,regionální,Finanční náklady,Karel Barel,IDM1,R06,PD04,D03,H01,S02,ND04,Z0005
469,1469,2022-10-14,CZK,Jihočeský kraj,GLS,kamion,diesel,regionální,Odpisy hmotného i nehmotného dlouhodobého majetku,Karel Barel,IDM1,R02,PD02,D02,H02,S02,ND03,Z0005
470,1470,2022-09-01,CZK,Královehradecký kraj,Spedquick Třebíč,nákladní vozidlo,natural95,regionální,"Spotřeba materiálu, energie a externích služeb",Josef Vošouch,IDM1,R05,PD03,D03,H01,S02,ND01,Z0004
471,1471,2022-08-13,EUR,Zlínský kraj,Toptrans,kamion,natural95,centrální,Mzdové a ostatní osobní náklady,Josef Vošouch,IDM2,R14,PD01,D02,H01,S03,ND02,Z0004
472,1472,2022-10-31,CZK,Pardubický kraj,GLS,kamion,natural95,regionální,Mzdové a ostatní osobní náklady,Jiří Zeman,IDM1,R09,PD02,D02,H01,S02,ND02,Z0003
473,1473,2022-03-11,EUR,Zlínský kraj,Spedquick Třebíč,nákladní vozidlo,natural95,regionální,Mzdové a ostatní osobní náklady,Josef Vošouch,IDM2,R14,PD03,D03,H01,S02,ND02,Z0004
474,1474,2022-09-09,CZK,Ústecký krajVysočina,Spedquick Třebíč,nákladní vozidlo,natural95,regionální,Mzdové a ostatní osobní náklady,Karel Barel,IDM1,R13,PD03,D03,H01,S02,ND02,Z0005
475,1475,2022-07-04,CZK,Liberecký kraj,Geis,nákladní vozidlo,natural95,regionální,Finanční náklady,Jan Novák,IDM1,R06,PD04,D03,H01,S02,ND04,Z0001
476,1476,2022-08-16,EUR,Jihomoravský kraj,Pap Trutnov,nákladní vozidlo,diesel,regionální,Finanční náklady,Daniel Podach,IDM2,R03,PD05,D03,H02,S02,ND04,Z0002
477,1477,2022-03-25,EUR,Olomoucký kraj,GLS,kamion,diesel,regionální,"Spotřeba materiálu, energie a externích služeb",Jan Novák,IDM2,R08,PD02,D02,H02,S02,ND01,Z0001
478,1478,2022-11-07,CZK,Královehradecký kraj,Geis,nákladní vozidlo,natural95,regionální,Finanční náklady,Daniel Podach,IDM1,R05,PD04,D03,H01,S02,ND04,Z0002
479,1479,2022-09-22,EUR,Jihočeský kraj,Toptrans,vlak,diesel,centrální,Finanční náklady,Karel Barel,IDM2,R02,PD01,D01,H02,S03,ND04,Z0005
480,1480,2022-08-06,CZK,Liberecký kraj,GLS,nákladní vozidlo,diesel,centrální,"Spotřeba materiálu, energie a externích služeb",Jiří Zeman,IDM1,R06,PD02,D03,H02,S03,ND01,Z0003
481,1481,2021-12-07,CZK,Středočeský kraj,Geis,vlak,natural95,centrální,Mzdové a ostatní osobní náklady,Jan Novák,IDM1,R11,PD04,D01,H01,S03,ND02,Z0001
482,1482,2022-07-12,CZK,Plzeňský kraj,GLS,nákladní vozidlo,natural95,tranzitní,Finanční náklady,Josef Vošouch,IDM1,R10,PD02,D03,H01,S01,ND04,Z0004
483,1483,2022-05-20,CZK,Středočeský kraj,Pap Trutnov,vlak,natural95,tranzitní,Mzdové a ostatní osobní náklady,Jiří Zeman,IDM1,R11,PD05,D01,H01,S01,ND02,Z0003
484,1484,2022-05-07,CZK,Ústecký krajVysočina,Geis,vlak,diesel,regionální,Finanční náklady,Karel Barel,IDM1,R13,PD04,D01,H02,S02,ND04,Z0005
485,1485,2022-04-22,CZK,Hlavní město Praha,Spedquick Třebíč,vlak,natural95,regionální,"Spotřeba materiálu, energie a externích služeb",Jiří Zeman,IDM1,R01,PD03,D01,H01,S02,ND01,Z0003
486,1486,2022-10-29,EUR,Královehradecký kraj,Geis,vlak,natural95,regionální,Odpisy hmotného i nehmotného dlouhodobého majetku,Daniel Podach,IDM2,R05,PD04,D01,H01,S02,ND03,Z0002
487,1487,2022-05-31,EUR,Moravskoslezský kraj,Spedquick Třebíč,nákladní vozidlo,natural95,centrální,Odpisy hmotného i nehmotného dlouhodobého majetku,Josef Vošouch,IDM2,R07,PD03,D03,H01,S03,ND03,Z0004
488,1488,2022-05-30,CZK,Ústecký krajVysočina,Spedquick Třebíč,nákladní vozidlo,diesel,tranzitní,Mzdové a ostatní osobní náklady,Josef Vošouch,IDM1,R13,PD03,D03,H02,S01,ND02,Z0004
489,1489,2022-10-06,CZK,Plzeňský kraj,Spedquick Třebíč,vlak,diesel,centrální,Finanční náklady,Jan Novák,IDM1,R10,PD03,D01,H02,S03,ND04,Z0001
490,1490,2022-06-25,EUR,Liberecký kraj,Spedquick Třebíč,nákladní vozidlo,natural95,regionální,"Spotřeba materiálu, energie a externích služeb",Daniel Podach,IDM2,R06,PD03,D03,H01,S02,ND01,Z0002
491,1491,2022-12-01,CZK,Plzeňský kraj,Geis,kamion,diesel,centrální,"Spotřeba materiálu, energie a externích služeb",Jiří Zeman,IDM1,R10,PD04,D02,H02,S03,ND01,Z0003
492,1492,2022-11-24,EUR,Středočeský kraj,Pap Trutnov,kamion,diesel,tranzitní,Odpisy hmotného i nehmotného dlouhodobého majetku,Josef Vošouch,IDM2,R11,PD05,D02,H02,S01,ND03,Z0004
493,1493,2022-02-13,EUR,Pardubický kraj,Pap Trutnov,kamion,diesel,centrální,"Spotřeba materiálu, energie a externích služeb",Jiří Zeman,IDM2,R09,PD05,D02,H02,S03,ND01,Z0003
494,1494,2022-02-18,EUR,Karlovarský kraj,Pap Trutnov,nákladní vozidlo,diesel,centrální,Mzdové a ostatní osobní náklady,Jiří Zeman,IDM2,R04,PD05,D03,H02,S03,ND02,Z0003
495,1495,2022-08-29,CZK,Ústecký krajVysočina,Toptrans,vlak,natural95,centrální,Finanční náklady,Daniel Podach,IDM1,R13,PD01,D01,H01,S03,ND04,Z0002
496,1496,2022-07-30,EUR,Zlínský kraj,Geis,vlak,natural95,centrální,Odpisy hmotného i nehmotného dlouhodobého majetku,Josef Vošouch,IDM2,R14,PD04,D01,H01,S03,ND03,Z0004
497,1497,2022-07-06,CZK,Jihomoravský kraj,Pap Trutnov,kamion,diesel,centrální,Mzdové a ostatní osobní náklady,Karel Barel,IDM1,R03,PD05,D02,H02,S03,ND02,Z0005
498,1498,2022-03-23,EUR,Hlavní město Praha,GLS,kamion,diesel,regionální,Odpisy hmotného i nehmotného dlouhodobého majetku,Jan Novák,IDM2,R01,PD02,D02,H02,S02,ND03,Z0001
499,1499,2022-06-19,CZK,Středočeský kraj,GLS,kamion,diesel,tranzitní,Odpisy hmotného i nehmotného dlouhodobého majetku,Karel Barel,IDM1,R11,PD02,D02,H02,S01,ND03,Z0005
